date,deaths_forecast,active_forecast,recovered_forecast
2023-01-01,2213,8316,41236
2023-01-02,7316,77,569
2023-01-03,7850,25,80
2023-01-04,2257,8217,40753
2023-01-05,7289,150,712
2023-01-06,7826,50,398
2023-01-07,2292,8120,40355
2023-01-08,7283,221,927
2023-01-09,7812,74,460
2023-01-10,2308,8025,40045
2023-01-11,7267,291,1182
2023-01-12,7816,99,606
2023-01-13,2335,7932,39601
2023-01-14,7235,360,1451
2023-01-15,7808,124,765
2023-01-16,2375,7839,39233
2023-01-17,7215,426,1646
2023-01-18,7789,149,921
2023-01-19,2403,7749,38867
2023-01-20,7205,492,1886
2023-01-21,7780,174,1044
2023-01-22,2423,7660,38501
2023-01-23,7185,555,2112
2023-01-24,7779,198,1196
2023-01-25,2452,7572,38129
2023-01-26,7158,618,2331
2023-01-27,7768,223,1336
2023-01-28,2487,7486,37779
2023-01-29,7142,678,2543
2023-01-30,7753,248,1474
2023-01-31,2513,7401,37425
2023-02-01,7129,738,2759
2023-02-02,7746,273,1611
2023-02-03,2535,7318,37078
2023-02-04,7108,796,2966
2023-02-05,7741,298,1750
2023-02-06,2565,7236,36735
2023-02-07,7086,852,3171
2023-02-08,7730,323,1884
2023-02-09,2596,7155,36399
2023-02-10,7070,908,3372
2023-02-11,7717,348,2018
2023-02-12,2620,7076,36066
2023-02-13,7055,962,3570
2023-02-14,7711,373,2151
2023-02-15,2644,6998,35739
2023-02-16,7035,1014,3763
2023-02-17,7704,397,2282
2023-02-18,2673,6921,35416
2023-02-19,7016,1066,3954
2023-02-20,7692,422,2412
2023-02-21,2701,6846,35098
2023-02-22,7001,1116,4142
2023-02-23,7682,447,2541
2023-02-24,2725,6772,34784
2023-02-25,6986,1165,4325
2023-02-26,7675,471,2669
2023-02-27,2750,6699,34476
2023-02-28,6967,1213,4506
2023-03-01,7667,496,2795
2023-03-02,2777,6627,34171
2023-03-03,6950,1260,4684
2023-03-04,7656,520,2920
2023-03-05,2803,6557,33871
2023-03-06,6935,1306,4858
2023-03-07,7646,545,3044
2023-03-08,2827,6488,33575
2023-03-09,6919,1350,5029
2023-03-10,7639,569,3167
2023-03-11,2852,6420,33284
2023-03-12,6902,1394,5198
2023-03-13,7630,593,3288
2023-03-14,2878,6353,32996
2023-03-15,6886,1436,5363
2023-03-16,7620,617,3408
2023-03-17,2903,6287,32713
2023-03-18,6871,1477,5525
2023-03-19,7611,641,3527
2023-03-20,2926,6222,32434
2023-03-21,6855,1518,5684
2023-03-22,7603,665,3645
2023-03-23,2951,6159,32159
2023-03-24,6839,1557,5841
2023-03-25,7594,689,3762
2023-03-26,2976,6096,31888
2023-03-27,6824,1596,5995
2023-03-28,7584,713,3877
2023-03-29,3000,6035,31621
2023-03-30,6810,1633,6146
2023-03-31,7575,736,3992
2023-04-01,3023,5974,31358
2023-04-02,6795,1670,6294
2023-04-03,7567,760,4105
2023-04-04,3047,5915,31099
2023-04-05,6780,1705,6440
2023-04-06,7558,783,4217
2023-04-07,3070,5857,30843
2023-04-08,6766,1740,6583
2023-04-09,7549,806,4328
2023-04-10,3093,5799,30591
2023-04-11,6752,1774,6723
2023-04-12,7540,829,4438
2023-04-13,3116,5743,30343
2023-04-14,6737,1807,6861
2023-04-15,7531,852,4546
2023-04-16,3139,5688,30098
2023-04-17,6723,1839,6997
2023-04-18,7522,875,4654
2023-04-19,3162,5633,29857
2023-04-20,6709,1871,7130
2023-04-21,7513,897,4760
2023-04-22,3184,5580,29620
2023-04-23,6696,1901,7261
2023-04-24,7505,920,4866
2023-04-25,3207,5527,29386
2023-04-26,6682,1931,7389
2023-04-27,7496,942,4970
2023-04-28,3229,5475,29155
2023-04-29,6669,1960,7515
2023-04-30,7487,964,5073
2023-05-01,3251,5425,28928
2023-05-02,6656,1989,7639
2023-05-03,7478,986,5175
2023-05-04,3273,5375,28704
2023-05-05,6643,2016,7760
2023-05-06,7470,1008,5276
2023-05-07,3294,5326,28483
2023-05-08,6630,2043,7880
2023-05-09,7461,1030,5376
2023-05-10,3316,5278,28265
2023-05-11,6617,2070,7997
2023-05-12,7452,1052,5475
2023-05-13,3337,5230,28051
2023-05-14,6604,2095,8112
2023-05-15,7444,1073,5573
2023-05-16,3358,5184,27840
2023-05-17,6592,2120,8225
2023-05-18,7435,1094,5670
2023-05-19,3379,5138,27632
2023-05-20,6579,2144,8336
2023-05-21,7427,1115,5766
2023-05-22,3400,5093,27426
2023-05-23,6567,2168,8445
2023-05-24,7418,1136,5861
2023-05-25,3421,5049,27224
2023-05-26,6555,2191,8552
2023-05-27,7410,1157,5955
2023-05-28,3441,5006,27025
2023-05-29,6543,2213,8657
2023-05-30,7401,1177,6048
2023-05-31,3462,4964,26829
2023-06-01,6532,2235,8760
2023-06-02,7392,1198,6140
2023-06-03,3482,4922,26635
2023-06-04,6520,2256,8861
2023-06-05,7384,1218,6231
2023-06-06,3502,4881,26445
2023-06-07,6509,2277,8960
2023-06-08,7376,1238,6321
2023-06-09,3522,4840,26257
2023-06-10,6497,2297,9058
2023-06-11,7367,1258,6410
2023-06-12,3541,4801,26072
2023-06-13,6486,2317,9154
2023-06-14,7359,1278,6498
2023-06-15,3561,4762,25889
2023-06-16,6475,2336,9248
2023-06-17,7350,1297,6585
2023-06-18,3580,4724,25710
2023-06-19,6464,2355,9340
2023-06-20,7342,1317,6671
2023-06-21,3600,4686,25533
2023-06-22,6453,2373,9431
2023-06-23,7334,1336,6756
2023-06-24,3619,4649,25358
2023-06-25,6442,2390,9520
2023-06-26,7325,1355,6841
2023-06-27,3638,4613,25186
2023-06-28,6432,2407,9607
2023-06-29,7317,1374,6924
2023-06-30,3656,4578,25017
2023-07-01,6421,2424,9693
2023-07-02,7309,1392,7007
2023-07-03,3675,4543,24850
2023-07-04,6411,2440,9777
2023-07-05,7300,1411,7088
2023-07-06,3694,4509,24686
2023-07-07,6401,2456,9859
2023-07-08,7292,1429,7169
2023-07-09,3712,4475,24523
2023-07-10,6391,2471,9940
2023-07-11,7284,1447,7249
2023-07-12,3730,4442,24364
2023-07-13,6381,2486,10020
2023-07-14,7276,1465,7328
2023-07-15,3748,4409,24206
2023-07-16,6371,2500,10098
2023-07-17,7268,1483,7406
2023-07-18,3766,4378,24051
2023-07-19,6361,2514,10175
2023-07-20,7260,1500,7483
2023-07-21,3784,4346,23899
2023-07-22,6352,2528,10250
2023-07-23,7251,1518,7560
2023-07-24,3801,4316,23748
2023-07-25,6342,2541,10324
2023-07-26,7243,1535,7635
2023-07-27,3819,4285,23600
2023-07-28,6333,2554,10396
2023-07-29,7235,1552,7710
2023-07-30,3836,4256,23454
2023-07-31,6323,2566,10468
2023-08-01,7227,1569,7784
2023-08-02,3853,4227,23310
2023-08-03,6314,2578,10537
2023-08-04,7219,1586,7857
2023-08-05,3871,4198,23168
2023-08-06,6305,2590,10606
2023-08-07,7211,1602,7930
2023-08-08,3887,4170,23028
2023-08-09,6296,2602,10673
2023-08-10,7203,1619,8001
2023-08-11,3904,4143,22890
2023-08-12,6287,2613,10739
2023-08-13,7196,1635,8072
2023-08-14,3921,4116,22755
2023-08-15,6279,2623,10804
2023-08-16,7188,1651,8142
2023-08-17,3937,4089,22621
2023-08-18,6270,2634,10867
2023-08-19,7180,1667,8211
2023-08-20,3954,4063,22489
2023-08-21,6262,2644,10930
2023-08-22,7172,1682,8280
2023-08-23,3970,4038,22360
2023-08-24,6253,2654,10991
2023-08-25,7164,1698,8347
2023-08-26,3986,4013,22232
2023-08-27,6245,2663,11051
2023-08-28,7156,1713,8414
2023-08-29,4002,3988,22106
2023-08-30,6237,2673,11110
2023-08-31,7149,1728,8481
2023-09-01,4018,3964,21982
2023-09-02,6229,2681,11168
2023-09-03,7141,1743,8546
2023-09-04,4034,3940,21859
2023-09-05,6221,2690,11225
2023-09-06,7133,1758,8611
2023-09-07,4049,3917,21739
2023-09-08,6213,2699,11280
2023-09-09,7126,1773,8675
2023-09-10,4065,3894,21620
2023-09-11,6205,2707,11335
2023-09-12,7118,1787,8738
2023-09-13,4080,3872,21503
2023-09-14,6197,2714,11388
2023-09-15,7110,1802,8801
2023-09-16,4096,3850,21388
2023-09-17,6189,2722,11441
2023-09-18,7103,1816,8862
2023-09-19,4111,3828,21274
2023-09-20,6182,2729,11493
2023-09-21,7095,1830,8924
2023-09-22,4126,3807,21163
2023-09-23,6175,2737,11543
2023-09-24,7088,1844,8984
2023-09-25,4141,3786,21052
2023-09-26,6167,2744,11593
2023-09-27,7080,1857,9044
2023-09-28,4155,3766,20944
2023-09-29,6160,2750,11641
2023-09-30,7073,1871,9103
2023-10-01,4170,3746,20837
2023-10-02,6153,2757,11689
2023-10-03,7065,1884,9161
2023-10-04,4184,3726,20732
2023-10-05,6146,2763,11736
2023-10-06,7058,1898,9219
2023-10-07,4199,3707,20628
2023-10-08,6139,2769,11782
2023-10-09,7051,1911,9276
2023-10-10,4213,3688,20526
2023-10-11,6132,2775,11827
2023-10-12,7043,1923,9333
2023-10-13,4227,3670,20425
2023-10-14,6125,2780,11871
2023-10-15,7036,1936,9388
2023-10-16,4241,3651,20326
2023-10-17,6118,2786,11915
2023-10-18,7029,1949,9444
2023-10-19,4255,3634,20228
2023-10-20,6112,2791,11957
2023-10-21,7021,1961,9498
2023-10-22,4269,3616,20131
2023-10-23,6105,2796,11999
2023-10-24,7014,1973,9552
2023-10-25,4283,3599,20037
2023-10-26,6099,2801,12040
2023-10-27,7007,1986,9605
2023-10-28,4296,3582,19943
2023-10-29,6092,2806,12080
2023-10-30,7000,1998,9658
2023-10-31,4310,3566,19851
2023-11-01,6086,2810,12119
2023-11-02,6993,2009,9710
2023-11-03,4323,3549,19760
2023-11-04,6080,2815,12158
2023-11-05,6986,2021,9762
2023-11-06,4336,3533,19671
2023-11-07,6074,2819,12196
2023-11-08,6978,2033,9813
2023-11-09,4350,3518,19583
2023-11-10,6068,2823,12233
2023-11-11,6971,2044,9863
2023-11-12,4363,3503,19496
2023-11-13,6062,2827,12269
2023-11-14,6964,2055,9913
2023-11-15,4376,3488,19410
2023-11-16,6056,2831,12305
2023-11-17,6957,2066,9962
2023-11-18,4388,3473,19326
2023-11-19,6050,2834,12340
2023-11-20,6950,2077,10010
2023-11-21,4401,3459,19243
2023-11-22,6044,2838,12374
2023-11-23,6943,2088,10058
2023-11-24,4414,3444,19162
2023-11-25,6039,2841,12408
2023-11-26,6937,2099,10106
2023-11-27,4426,3431,19081
2023-11-28,6033,2844,12441
2023-11-29,6930,2109,10153
2023-11-30,4439,3417,19002
2023-12-01,6027,2847,12473
2023-12-02,6923,2120,10199
2023-12-03,4451,3404,18924
2023-12-04,6022,2850,12505
2023-12-05,6916,2130,10245
2023-12-06,4463,3391,18847
2023-12-07,6017,2853,12536
2023-12-08,6909,2140,10290
2023-12-09,4475,3378,18771
2023-12-10,6011,2856,12567
2023-12-11,6902,2150,10335
2023-12-12,4487,3365,18696
2023-12-13,6006,2858,12597
2023-12-14,6896,2160,10379
2023-12-15,4499,3353,18623
2023-12-16,6001,2861,12626
2023-12-17,6889,2170,10423
2023-12-18,4511,3341,18550
2023-12-19,5996,2863,12655
2023-12-20,6882,2179,10466
2023-12-21,4523,3329,18479
2023-12-22,5991,2865,12683
2023-12-23,6876,2189,10509
2023-12-24,4534,3317,18409
2023-12-25,5986,2867,12710
2023-12-26,6869,2198,10551
2023-12-27,4546,3306,18339
2023-12-28,5981,2869,12737
2023-12-29,6863,2207,10593
2023-12-30,4557,3295,18271
2023-12-31,5976,2871,12764
2024-01-01,6856,2216,10634
2024-01-02,4569,3284,18204
2024-01-03,5971,2873,12790
2024-01-04,6849,2225,10675
2024-01-05,4580,3273,18138
2024-01-06,5967,2875,12815
2024-01-07,6843,2234,10715
2024-01-08,4591,3263,18073
2024-01-09,5962,2877,12840
2024-01-10,6837,2243,10755
2024-01-11,4602,3252,18008
2024-01-12,5957,2878,12865
2024-01-13,6830,2252,10794
2024-01-14,4613,3242,17945
2024-01-15,5953,2880,12889
2024-01-16,6824,2260,10833
2024-01-17,4624,3232,17883
2024-01-18,5948,2881,12912
2024-01-19,6817,2268,10871
2024-01-20,4635,3223,17821
2024-01-21,5944,2882,12935
2024-01-22,6811,2277,10909
2024-01-23,4645,3213,17761
2024-01-24,5940,2884,12958
2024-01-25,6805,2285,10946
2024-01-26,4656,3204,17701
2024-01-27,5935,2885,12980
2024-01-28,6798,2293,10983
2024-01-29,4666,3195,17643
2024-01-30,5931,2886,13002
2024-01-31,6792,2301,11020
2024-02-01,4677,3186,17585
2024-02-02,5927,2887,13023
2024-02-03,6786,2309,11056
2024-02-04,4687,3177,17528
2024-02-05,5923,2888,13044
2024-02-06,6780,2316,11092
2024-02-07,4697,3168,17472
2024-02-08,5919,2889,13064
2024-02-09,6774,2324,11127
2024-02-10,4708,3160,17417
2024-02-11,5915,2890,13084
2024-02-12,6767,2332,11162
2024-02-13,4718,3152,17362
2024-02-14,5911,2890,13103
2024-02-15,6761,2339,11196
2024-02-16,4728,3144,17309
2024-02-17,5907,2891,13123
2024-02-18,6755,2346,11230
2024-02-19,4738,3136,17256
2024-02-20,5903,2892,13141
2024-02-21,6749,2353,11264
2024-02-22,4747,3128,17204
2024-02-23,5900,2892,13160
2024-02-24,6743,2360,11297
2024-02-25,4757,3120,17153
2024-02-26,5896,2893,13178
2024-02-27,6737,2367,11330
2024-02-28,4767,3113,17102
2024-02-29,5892,2893,13195
2024-03-01,6731,2374,11362
2024-03-02,4776,3106,17053
2024-03-03,5889,2894,13213
2024-03-04,6725,2381,11394
2024-03-05,4786,3099,17004
2024-03-06,5885,2894,13230
2024-03-07,6719,2388,11426
2024-03-08,4795,3092,16956
2024-03-09,5882,2894,13246
2024-03-10,6713,2394,11457
2024-03-11,4805,3085,16908
2024-03-12,5878,2895,13262
2024-03-13,6708,2401,11488
2024-03-14,4814,3078,16861
2024-03-15,5875,2895,13278
2024-03-16,6702,2407,11519
2024-03-17,4823,3071,16815
2024-03-18,5871,2895,13294
2024-03-19,6696,2414,11549
2024-03-20,4832,3065,16770
2024-03-21,5868,2895,13309
2024-03-22,6690,2420,11579
2024-03-23,4841,3059,16725
2024-03-24,5865,2895,13324
2024-03-25,6685,2426,11608
2024-03-26,4850,3052,16681
2024-03-27,5862,2895,13338
2024-03-28,6679,2432,11637
2024-03-29,4859,3046,16638
2024-03-30,5858,2895,13353
2024-03-31,6673,2438,11666
2024-04-01,4868,3041,16595
2024-04-02,5855,2895,13367
2024-04-03,6667,2444,11694
2024-04-04,4876,3035,16553
2024-04-05,5852,2895,13380
2024-04-06,6662,2449,11722
2024-04-07,4885,3029,16512
2024-04-08,5849,2895,13394
2024-04-09,6656,2455,11750
2024-04-10,4894,3023,16471
2024-04-11,5846,2895,13407
2024-04-12,6651,2461,11777
2024-04-13,4902,3018,16431
2024-04-14,5843,2895,13420
2024-04-15,6645,2466,11804
2024-04-16,4911,3013,16392
2024-04-17,5840,2895,13432
2024-04-18,6640,2472,11831
2024-04-19,4919,3008,16353
2024-04-20,5838,2895,13445
2024-04-21,6634,2477,11857
2024-04-22,4927,3002,16314
2024-04-23,5835,2895,13457
2024-04-24,6629,2482,11883
2024-04-25,4935,2997,16277
2024-04-26,5832,2894,13468
2024-04-27,6623,2487,11909
2024-04-28,4944,2993,16239
2024-04-29,5829,2894,13480
2024-04-30,6618,2493,11934
2024-05-01,4952,2988,16203
2024-05-02,5827,2894,13491
2024-05-03,6613,2498,11959
2024-05-04,4960,2983,16167
2024-05-05,5824,2893,13502
2024-05-06,6607,2503,11984
2024-05-07,4968,2978,16131
2024-05-08,5821,2893,13513
2024-05-09,6602,2507,12009
2024-05-10,4975,2974,16096
2024-05-11,5819,2893,13524
2024-05-12,6597,2512,12033
2024-05-13,4983,2970,16062
2024-05-14,5816,2892,13534
2024-05-15,6591,2517,12057
2024-05-16,4991,2965,16028
2024-05-17,5814,2892,13544
2024-05-18,6586,2522,12080
2024-05-19,4999,2961,15994
2024-05-20,5811,2891,13554
2024-05-21,6581,2526,12103
2024-05-22,5006,2957,15961
2024-05-23,5809,2891,13564
2024-05-24,6576,2531,12126
2024-05-25,5014,2953,15929
2024-05-26,5807,2890,13573
2024-05-27,6571,2535,12149
2024-05-28,5021,2949,15897
2024-05-29,5804,2890,13582
2024-05-30,6566,2540,12172
2024-05-31,5029,2945,15866
2024-06-01,5802,2889,13591
2024-06-02,6561,2544,12194
2024-06-03,5036,2941,15835
2024-06-04,5800,2889,13600
2024-06-05,6555,2548,12216
2024-06-06,5043,2938,15804
2024-06-07,5798,2888,13609
2024-06-08,6550,2552,12237
2024-06-09,5050,2934,15774
2024-06-10,5795,2888,13617
2024-06-11,6545,2557,12258
2024-06-12,5058,2930,15745
2024-06-13,5793,2887,13625
2024-06-14,6540,2561,12280
2024-06-15,5065,2927,15715
2024-06-16,5791,2887,13634
2024-06-17,6535,2565,12300
2024-06-18,5072,2924,15687
2024-06-19,5789,2886,13641
2024-06-20,6531,2568,12321
2024-06-21,5079,2920,15659
2024-06-22,5787,2886,13649
2024-06-23,6526,2572,12341
2024-06-24,5086,2917,15631
2024-06-25,5785,2885,13657
2024-06-26,6521,2576,12361
2024-06-27,5092,2914,15603
2024-06-28,5783,2884,13664
2024-06-29,6516,2580,12381
2024-06-30,5099,2911,15576
2024-07-01,5781,2884,13671
2024-07-02,6511,2584,12401
2024-07-03,5106,2908,15550
2024-07-04,5779,2883,13678
2024-07-05,6506,2587,12420
2024-07-06,5113,2905,15524
2024-07-07,5777,2882,13685
2024-07-08,6502,2591,12439
2024-07-09,5119,2902,15498
2024-07-10,5776,2882,13692
2024-07-11,6497,2594,12458
2024-07-12,5126,2899,15473
2024-07-13,5774,2881,13698
2024-07-14,6492,2598,12476
2024-07-15,5132,2896,15448
2024-07-16,5772,2880,13705
2024-07-17,6487,2601,12495
2024-07-18,5139,2894,15423
2024-07-19,5770,2880,13711
2024-07-20,6483,2605,12513
2024-07-21,5145,2891,15399
2024-07-22,5769,2879,13717
2024-07-23,6478,2608,12531
2024-07-24,5151,2888,15375
2024-07-25,5767,2878,13723
2024-07-26,6474,2611,12548
2024-07-27,5158,2886,15352
2024-07-28,5765,2878,13729
2024-07-29,6469,2614,12566
2024-07-30,5164,2883,15328
2024-07-31,5764,2877,13735
2024-08-01,6464,2617,12583
2024-08-02,5170,2881,15306
2024-08-03,5762,2876,13740
2024-08-04,6460,2620,12600
2024-08-05,5176,2879,15283
2024-08-06,5760,2875,13746
2024-08-07,6455,2624,12617
2024-08-08,5182,2876,15261
2024-08-09,5759,2875,13751
2024-08-10,6451,2626,12633
2024-08-11,5188,2874,15239
2024-08-12,5757,2874,13756
2024-08-13,6446,2629,12650
2024-08-14,5194,2872,15218
2024-08-15,5756,2873,13761
2024-08-16,6442,2632,12666
2024-08-17,5200,2870,15197
2024-08-18,5754,2873,13766
2024-08-19,6438,2635,12682
2024-08-20,5206,2868,15176
2024-08-21,5753,2872,13771
2024-08-22,6433,2638,12698
2024-08-23,5212,2866,15156
2024-08-24,5752,2871,13776
2024-08-25,6429,2641,12713
2024-08-26,5217,2864,15136
2024-08-27,5750,2870,13780
2024-08-28,6425,2643,12729
2024-08-29,5223,2862,15116
2024-08-30,5749,2870,13785
2024-08-31,6420,2646,12744
2024-09-01,5229,2860,15096
2024-09-02,5747,2869,13789
2024-09-03,6416,2649,12759
2024-09-04,5234,2858,15077
2024-09-05,5746,2868,13793
2024-09-06,6412,2651,12773
2024-09-07,5240,2856,15058
2024-09-08,5745,2867,13798
2024-09-09,6407,2654,12788
2024-09-10,5245,2854,15040
2024-09-11,5744,2867,13802
2024-09-12,6403,2656,12802
2024-09-13,5251,2852,15021
2024-09-14,5742,2866,13805
2024-09-15,6399,2659,12817
2024-09-16,5256,2851,15003
2024-09-17,5741,2865,13809
2024-09-18,6395,2661,12831
2024-09-19,5261,2849,14986
2024-09-20,5740,2865,13813
2024-09-21,6391,2664,12845
2024-09-22,5267,2847,14968
2024-09-23,5739,2864,13817
2024-09-24,6387,2666,12858
2024-09-25,5272,2846,14951
2024-09-26,5738,2863,13820
2024-09-27,6383,2668,12872
2024-09-28,5277,2844,14934
2024-09-29,5737,2862,13824
2024-09-30,6379,2670,12885
2024-10-01,5282,2843,14917
2024-10-02,5735,2862,13827
2024-10-03,6375,2673,12898
2024-10-04,5287,2841,14901
2024-10-05,5734,2861,13830
2024-10-06,6370,2675,12911
2024-10-07,5293,2840,14885
2024-10-08,5733,2860,13834
2024-10-09,6366,2677,12924
2024-10-10,5298,2838,14869
2024-10-11,5732,2859,13837
2024-10-12,6363,2679,12937
2024-10-13,5303,2837,14853
2024-10-14,5731,2859,13840
2024-10-15,6359,2681,12949
2024-10-16,5307,2836,14837
2024-10-17,5730,2858,13843
2024-10-18,6355,2683,12962
2024-10-19,5312,2834,14822
2024-10-20,5729,2857,13846
2024-10-21,6351,2685,12974
2024-10-22,5317,2833,14807
2024-10-23,5728,2857,13848
2024-10-24,6347,2687,12986
2024-10-25,5322,2832,14793
2024-10-26,5728,2856,13851
2024-10-27,6343,2689,12998
2024-10-28,5327,2831,14778
2024-10-29,5727,2855,13854
2024-10-30,6339,2691,13010
2024-10-31,5331,2829,14764
2024-11-01,5726,2854,13856
2024-11-02,6335,2693,13021
2024-11-03,5336,2828,14750
2024-11-04,5725,2854,13859
2024-11-05,6332,2695,13033
2024-11-06,5341,2827,14736
2024-11-07,5724,2853,13861
2024-11-08,6328,2697,13044
2024-11-09,5345,2826,14722
2024-11-10,5723,2852,13864
2024-11-11,6324,2698,13055
2024-11-12,5350,2825,14709
2024-11-13,5722,2852,13866
2024-11-14,6320,2700,13066
2024-11-15,5354,2824,14695
2024-11-16,5722,2851,13868
2024-11-17,6317,2702,13077
2024-11-18,5359,2823,14682
2024-11-19,5721,2850,13870
2024-11-20,6313,2703,13088
2024-11-21,5363,2822,14670
2024-11-22,5720,2850,13873
2024-11-23,6309,2705,13098
2024-11-24,5368,2821,14657
2024-11-25,5719,2849,13875
2024-11-26,6306,2707,13109
2024-11-27,5372,2820,14645
2024-11-28,5719,2848,13877
2024-11-29,6302,2708,13119
2024-11-30,5376,2819,14632
2024-12-01,5718,2848,13879
2024-12-02,6299,2710,13129
2024-12-03,5381,2818,14620
2024-12-04,5717,2847,13880
2024-12-05,6295,2711,13139
2024-12-06,5385,2817,14609
2024-12-07,5717,2846,13882
2024-12-08,6292,2713,13149
2024-12-09,5389,2816,14597
2024-12-10,5716,2846,13884
2024-12-11,6288,2714,13159
2024-12-12,5393,2816,14585
2024-12-13,5715,2845,13886
2024-12-14,6284,2716,13169
2024-12-15,5397,2815,14574
2024-12-16,5715,2844,13887
2024-12-17,6281,2717,13178
2024-12-18,5401,2814,14563
2024-12-19,5714,2844,13889
2024-12-20,6278,2719,13188
2024-12-21,5405,2813,14552
2024-12-22,5713,2843,13891
2024-12-23,6274,2720,13197
2024-12-24,5409,2812,14541
2024-12-25,5713,2842,13892
2024-12-26,6271,2722,13206
2024-12-27,5413,2812,14531
2024-12-28,5712,2842,13894
2024-12-29,6267,2723,13215
2024-12-30,5417,2811,14520
2024-12-31,5712,2841,13895
2025-01-01,6264,2724,13224
2025-01-02,5421,2810,14510
2025-01-03,5711,2841,13896
2025-01-04,6261,2726,13233
2025-01-05,5425,2810,14500
2025-01-06,5711,2840,13898
2025-01-07,6257,2727,13241
2025-01-08,5429,2809,14490
2025-01-09,5710,2839,13899
2025-01-10,6254,2728,13250
2025-01-11,5433,2808,14480
2025-01-12,5710,2839,13900
2025-01-13,6251,2729,13259
2025-01-14,5436,2808,14470
2025-01-15,5709,2838,13902
2025-01-16,6247,2730,13267
2025-01-17,5440,2807,14461
2025-01-18,5709,2838,13903
2025-01-19,6244,2732,13275
2025-01-20,5444,2806,14451
2025-01-21,5708,2837,13904
2025-01-22,6241,2733,13283
2025-01-23,5447,2806,14442
2025-01-24,5708,2836,13905
2025-01-25,6238,2734,13291
2025-01-26,5451,2805,14433
2025-01-27,5708,2836,13906
2025-01-28,6235,2735,13299
2025-01-29,5455,2805,14424
2025-01-30,5707,2835,13907
2025-01-31,6231,2736,13307
2025-02-01,5458,2804,14415
2025-02-02,5707,2835,13908
2025-02-03,6228,2737,13315
2025-02-04,5462,2804,14407
2025-02-05,5706,2834,13909
2025-02-06,6225,2738,13322
2025-02-07,5465,2803,14398
2025-02-08,5706,2834,13910
2025-02-09,6222,2739,13330
2025-02-10,5469,2803,14390
2025-02-11,5706,2833,13911
2025-02-12,6219,2740,13337
2025-02-13,5472,2802,14382
2025-02-14,5705,2833,13912
2025-02-15,6216,2741,13345
2025-02-16,5475,2802,14374
2025-02-17,5705,2832,13912
2025-02-18,6213,2742,13352
2025-02-19,5479,2801,14366
2025-02-20,5705,2831,13913
2025-02-21,6210,2743,13359
2025-02-22,5482,2801,14358
2025-02-23,5704,2831,13914
2025-02-24,6207,2744,13366
2025-02-25,5485,2801,14350
2025-02-26,5704,2830,13915
2025-02-27,6204,2745,13373
2025-02-28,5489,2800,14342
2025-03-01,5704,2830,13915
2025-03-02,6201,2746,13380
2025-03-03,5492,2800,14335
2025-03-04,5704,2829,13916
2025-03-05,6198,2747,13387
2025-03-06,5495,2799,14327
2025-03-07,5703,2829,13917
2025-03-08,6195,2748,13393
2025-03-09,5498,2799,14320
2025-03-10,5703,2828,13917
2025-03-11,6192,2749,13400
2025-03-12,5501,2799,14313
2025-03-13,5703,2828,13918
2025-03-14,6189,2750,13406
2025-03-15,5504,2798,14306
2025-03-16,5703,2827,13918
2025-03-17,6186,2751,13413
2025-03-18,5508,2798,14299
2025-03-19,5702,2827,13919
2025-03-20,6183,2751,13419
2025-03-21,5511,2798,14292
2025-03-22,5702,2826,13919
2025-03-23,6181,2752,13426
2025-03-24,5514,2797,14286
2025-03-25,5702,2826,13920
2025-03-26,6178,2753,13432
2025-03-27,5517,2797,14279
2025-03-28,5702,2826,13920
2025-03-29,6175,2754,13438
2025-03-30,5520,2797,14272
2025-03-31,5702,2825,13921
2025-04-01,6172,2755,13444
2025-04-02,5523,2796,14266
2025-04-03,5702,2825,13921
2025-04-04,6169,2755,13450
2025-04-05,5525,2796,14260
2025-04-06,5701,2824,13922
2025-04-07,6167,2756,13456
2025-04-08,5528,2796,14253
2025-04-09,5701,2824,13922
2025-04-10,6164,2757,13461
2025-04-11,5531,2795,14247
2025-04-12,5701,2823,13922
2025-04-13,6161,2757,13467
2025-04-14,5534,2795,14241
2025-04-15,5701,2823,13923
2025-04-16,6159,2758,13473
2025-04-17,5537,2795,14235
2025-04-18,5701,2822,13923
2025-04-19,6156,2759,13478
2025-04-20,5540,2795,14230
2025-04-21,5701,2822,13923
2025-04-22,6153,2760,13484
2025-04-23,5542,2794,14224
2025-04-24,5701,2821,13923
2025-04-25,6151,2760,13489
2025-04-26,5545,2794,14218
2025-04-27,5701,2821,13924
2025-04-28,6148,2761,13494
2025-04-29,5548,2794,14213
2025-04-30,5701,2821,13924
2025-05-01,6145,2761,13500
2025-05-02,5550,2794,14207
2025-05-03,5700,2820,13924
2025-05-04,6143,2762,13505
2025-05-05,5553,2794,14202
2025-05-06,5700,2820,13924
2025-05-07,6140,2763,13510
2025-05-08,5556,2793,14197
2025-05-09,5700,2819,13925
2025-05-10,6138,2763,13515
2025-05-11,5558,2793,14191
2025-05-12,5700,2819,13925
2025-05-13,6135,2764,13520
2025-05-14,5561,2793,14186
2025-05-15,5700,2819,13925
2025-05-16,6133,2764,13525
2025-05-17,5563,2793,14181
2025-05-18,5700,2818,13925
2025-05-19,6130,2765,13530
2025-05-20,5566,2793,14176
2025-05-21,5700,2818,13925
2025-05-22,6128,2766,13535
2025-05-23,5569,2792,14171
2025-05-24,5700,2817,13925
2025-05-25,6125,2766,13539
2025-05-26,5571,2792,14167
2025-05-27,5700,2817,13925
2025-05-28,6123,2767,13544
2025-05-29,5573,2792,14162
2025-05-30,5700,2817,13925
2025-05-31,6120,2767,13549
2025-06-01,5576,2792,14157
2025-06-02,5700,2816,13926
2025-06-03,6118,2768,13553
2025-06-04,5578,2792,14153
2025-06-05,5700,2816,13926
2025-06-06,6115,2768,13558
2025-06-07,5581,2792,14148
2025-06-08,5700,2816,13926
2025-06-09,6113,2769,13562
2025-06-10,5583,2792,14144
2025-06-11,5700,2815,13926
2025-06-12,6111,2769,13566
2025-06-13,5585,2791,14139
2025-06-14,5700,2815,13926
2025-06-15,6108,2770,13571
2025-06-16,5588,2791,14135
2025-06-17,5700,2815,13926
2025-06-18,6106,2770,13575
2025-06-19,5590,2791,14131
2025-06-20,5700,2814,13926
2025-06-21,6104,2771,13579
2025-06-22,5592,2791,14127
2025-06-23,5700,2814,13926
2025-06-24,6101,2771,13583
2025-06-25,5595,2791,14123
2025-06-26,5700,2814,13926
2025-06-27,6099,2771,13587
2025-06-28,5597,2791,14119
2025-06-29,5700,2813,13926
2025-06-30,6097,2772,13591
2025-07-01,5599,2791,14115
2025-07-02,5701,2813,13926
2025-07-03,6094,2772,13595
2025-07-04,5601,2791,14111
2025-07-05,5701,2813,13926
2025-07-06,6092,2773,13599
2025-07-07,5603,2790,14107
2025-07-08,5701,2812,13926
2025-07-09,6090,2773,13603
2025-07-10,5605,2790,14103
2025-07-11,5701,2812,13925
2025-07-12,6088,2774,13607
2025-07-13,5608,2790,14099
2025-07-14,5701,2812,13925
2025-07-15,6085,2774,13611
2025-07-16,5610,2790,14096
2025-07-17,5701,2811,13925
2025-07-18,6083,2774,13614
2025-07-19,5612,2790,14092
2025-07-20,5701,2811,13925
2025-07-21,6081,2775,13618
2025-07-22,5614,2790,14089
2025-07-23,5701,2811,13925
2025-07-24,6079,2775,13621
2025-07-25,5616,2790,14085
2025-07-26,5701,2811,13925
2025-07-27,6077,2775,13625
2025-07-28,5618,2790,14082
2025-07-29,5701,2810,13925
2025-07-30,6075,2776,13629
2025-07-31,5620,2790,14078
2025-08-01,5702,2810,13925
2025-08-02,6073,2776,13632
2025-08-03,5622,2790,14075
2025-08-04,5702,2810,13925
2025-08-05,6070,2776,13635
2025-08-06,5624,2790,14072
2025-08-07,5702,2809,13925
2025-08-08,6068,2777,13639
2025-08-09,5626,2790,14068
2025-08-10,5702,2809,13924
2025-08-11,6066,2777,13642
2025-08-12,5628,2790,14065
2025-08-13,5702,2809,13924
2025-08-14,6064,2777,13645
2025-08-15,5630,2790,14062
2025-08-16,5702,2809,13924
2025-08-17,6062,2778,13649
2025-08-18,5632,2789,14059
2025-08-19,5702,2808,13924
2025-08-20,6060,2778,13652
2025-08-21,5633,2789,14056
2025-08-22,5703,2808,13924
2025-08-23,6058,2778,13655
2025-08-24,5635,2789,14053
2025-08-25,5703,2808,13924
2025-08-26,6056,2779,13658
2025-08-27,5637,2789,14050
2025-08-28,5703,2808,13923
2025-08-29,6054,2779,13661
2025-08-30,5639,2789,14047
2025-08-31,5703,2807,13923
2025-09-01,6052,2779,13664
2025-09-02,5641,2789,14045
2025-09-03,5703,2807,13923
2025-09-04,6050,2780,13667
2025-09-05,5643,2789,14042
2025-09-06,5703,2807,13923
2025-09-07,6048,2780,13670
2025-09-08,5644,2789,14039
2025-09-09,5704,2807,13923
2025-09-10,6046,2780,13673
2025-09-11,5646,2789,14036
2025-09-12,5704,2806,13922
2025-09-13,6044,2780,13676
2025-09-14,5648,2789,14034
2025-09-15,5704,2806,13922
2025-09-16,6042,2781,13679
2025-09-17,5649,2789,14031
2025-09-18,5704,2806,13922
2025-09-19,6041,2781,13681
2025-09-20,5651,2789,14029
2025-09-21,5704,2806,13922
2025-09-22,6039,2781,13684
2025-09-23,5653,2789,14026
2025-09-24,5705,2805,13922
2025-09-25,6037,2781,13687
2025-09-26,5655,2789,14024
2025-09-27,5705,2805,13921
2025-09-28,6035,2782,13690
2025-09-29,5656,2789,14021
2025-09-30,5705,2805,13921
2025-10-01,6033,2782,13692
2025-10-02,5658,2789,14019
2025-10-03,5705,2805,13921
2025-10-04,6031,2782,13695
2025-10-05,5659,2789,14016
2025-10-06,5705,2805,13921
2025-10-07,6029,2782,13697
2025-10-08,5661,2789,14014
2025-10-09,5706,2804,13920
2025-10-10,6028,2782,13700
2025-10-11,5663,2789,14012
2025-10-12,5706,2804,13920
2025-10-13,6026,2783,13702
2025-10-14,5664,2789,14010
2025-10-15,5706,2804,13920
2025-10-16,6024,2783,13705
2025-10-17,5666,2789,14007
2025-10-18,5706,2804,13920
2025-10-19,6022,2783,13707
2025-10-20,5667,2789,14005
2025-10-21,5707,2804,13920
2025-10-22,6021,2783,13710
2025-10-23,5669,2789,14003
2025-10-24,5707,2803,13919
2025-10-25,6019,2784,13712
2025-10-26,5670,2789,14001
2025-10-27,5707,2803,13919
2025-10-28,6017,2784,13714
2025-10-29,5672,2789,13999
2025-10-30,5707,2803,13919
2025-10-31,6015,2784,13717
2025-11-01,5673,2789,13997
2025-11-02,5707,2803,13919
2025-11-03,6014,2784,13719
2025-11-04,5675,2789,13995
2025-11-05,5708,2803,13918
2025-11-06,6012,2784,13721
2025-11-07,5676,2789,13993
2025-11-08,5708,2803,13918
2025-11-09,6010,2784,13723
2025-11-10,5678,2789,13991
2025-11-11,5708,2802,13918
2025-11-12,6009,2785,13725
2025-11-13,5679,2789,13989
2025-11-14,5708,2802,13918
2025-11-15,6007,2785,13728
2025-11-16,5680,2789,13987
2025-11-17,5709,2802,13917
2025-11-18,6005,2785,13730
2025-11-19,5682,2789,13985
2025-11-20,5709,2802,13917
2025-11-21,6004,2785,13732
2025-11-22,5683,2789,13983
2025-11-23,5709,2802,13917
2025-11-24,6002,2785,13734
2025-11-25,5684,2789,13982
2025-11-26,5709,2802,13917
2025-11-27,6000,2785,13736
2025-11-28,5686,2789,13980
2025-11-29,5710,2801,13916
2025-11-30,5999,2786,13738
2025-12-01,5687,2789,13978
2025-12-02,5710,2801,13916
2025-12-03,5997,2786,13740
2025-12-04,5688,2789,13976
2025-12-05,5710,2801,13916
2025-12-06,5996,2786,13742
2025-12-07,5690,2789,13975
2025-12-08,5711,2801,13915
2025-12-09,5994,2786,13744
2025-12-10,5691,2789,13973
2025-12-11,5711,2801,13915
2025-12-12,5993,2786,13746
2025-12-13,5692,2789,13972
2025-12-14,5711,2801,13915
2025-12-15,5991,2786,13747
2025-12-16,5694,2789,13970
2025-12-17,5711,2800,13915
2025-12-18,5990,2786,13749
2025-12-19,5695,2789,13968
2025-12-20,5712,2800,13914
2025-12-21,5988,2787,13751
2025-12-22,5696,2789,13967
2025-12-23,5712,2800,13914
2025-12-24,5986,2787,13753
2025-12-25,5697,2789,13965
2025-12-26,5712,2800,13914
2025-12-27,5985,2787,13755
2025-12-28,5699,2789,13964
2025-12-29,5712,2800,13914
2025-12-30,5983,2787,13756
2025-12-31,5700,2789,13962
2026-01-01,5713,2800,13913
2026-01-02,5982,2787,13758
2026-01-03,5701,2789,13961
2026-01-04,5713,2800,13913
2026-01-05,5981,2787,13760
2026-01-06,5702,2789,13959
2026-01-07,5713,2799,13913
2026-01-08,5979,2787,13761
2026-01-09,5703,2789,13958
2026-01-10,5714,2799,13913
2026-01-11,5978,2787,13763
2026-01-12,5704,2789,13957
2026-01-13,5714,2799,13912
2026-01-14,5976,2788,13765
2026-01-15,5706,2789,13955
2026-01-16,5714,2799,13912
2026-01-17,5975,2788,13766
2026-01-18,5707,2789,13954
2026-01-19,5714,2799,13912
2026-01-20,5973,2788,13768
2026-01-21,5708,2789,13953
2026-01-22,5715,2799,13911
2026-01-23,5972,2788,13769
2026-01-24,5709,2789,13951
2026-01-25,5715,2799,13911
2026-01-26,5971,2788,13771
2026-01-27,5710,2789,13950
2026-01-28,5715,2799,13911
2026-01-29,5969,2788,13773
2026-01-30,5711,2789,13949
2026-01-31,5716,2799,13911
2026-02-01,5968,2788,13774
2026-02-02,5712,2789,13948
2026-02-03,5716,2798,13910
2026-02-04,5966,2788,13776
2026-02-05,5713,2789,13947
2026-02-06,5716,2798,13910
2026-02-07,5965,2788,13777
2026-02-08,5714,2789,13945
2026-02-09,5717,2798,13910
2026-02-10,5964,2788,13778
2026-02-11,5715,2789,13944
2026-02-12,5717,2798,13910
2026-02-13,5962,2789,13780
2026-02-14,5716,2789,13943
2026-02-15,5717,2798,13909
2026-02-16,5961,2789,13781
2026-02-17,5717,2789,13942
2026-02-18,5717,2798,13909
2026-02-19,5960,2789,13783
2026-02-20,5718,2789,13941
2026-02-21,5718,2798,13909
2026-02-22,5958,2789,13784
2026-02-23,5719,2789,13940
2026-02-24,5718,2798,13909
2026-02-25,5957,2789,13785
2026-02-26,5720,2789,13939
2026-02-27,5718,2798,13908
2026-02-28,5956,2789,13787
2026-03-01,5721,2789,13938
2026-03-02,5719,2797,13908
2026-03-03,5955,2789,13788
2026-03-04,5722,2789,13937
2026-03-05,5719,2797,13908
2026-03-06,5953,2789,13789
2026-03-07,5723,2789,13936
2026-03-08,5719,2797,13908
2026-03-09,5952,2789,13790
2026-03-10,5724,2789,13935
2026-03-11,5720,2797,13907
2026-03-12,5951,2789,13792
2026-03-13,5725,2789,13934
2026-03-14,5720,2797,13907
2026-03-15,5950,2789,13793
2026-03-16,5726,2789,13933
2026-03-17,5720,2797,13907
2026-03-18,5948,2789,13794
2026-03-19,5727,2789,13932
2026-03-20,5721,2797,13907
2026-03-21,5947,2789,13795
2026-03-22,5728,2790,13931
2026-03-23,5721,2797,13906
2026-03-24,5946,2790,13796
2026-03-25,5729,2790,13930
2026-03-26,5721,2797,13906
2026-03-27,5945,2790,13798
2026-03-28,5730,2790,13929
2026-03-29,5722,2797,13906
2026-03-30,5943,2790,13799
2026-03-31,5731,2790,13928
2026-04-01,5722,2797,13906
2026-04-02,5942,2790,13800
2026-04-03,5731,2790,13927
2026-04-04,5722,2796,13905
2026-04-05,5941,2790,13801
2026-04-06,5732,2790,13926
2026-04-07,5722,2796,13905
2026-04-08,5940,2790,13802
2026-04-09,5733,2790,13925
2026-04-10,5723,2796,13905
2026-04-11,5939,2790,13803
2026-04-12,5734,2790,13925
2026-04-13,5723,2796,13905
2026-04-14,5938,2790,13804
2026-04-15,5735,2790,13924
2026-04-16,5723,2796,13904
2026-04-17,5936,2790,13805
2026-04-18,5736,2790,13923
2026-04-19,5724,2796,13904
2026-04-20,5935,2790,13806
2026-04-21,5737,2790,13922
2026-04-22,5724,2796,13904
2026-04-23,5934,2790,13807
2026-04-24,5737,2790,13921
2026-04-25,5724,2796,13904
2026-04-26,5933,2790,13808
2026-04-27,5738,2790,13921
2026-04-28,5725,2796,13903
2026-04-29,5932,2790,13809
2026-04-30,5739,2790,13920
2026-05-01,5725,2796,13903
2026-05-02,5931,2790,13810
2026-05-03,5740,2790,13919
2026-05-04,5725,2796,13903
2026-05-05,5930,2790,13811
2026-05-06,5740,2790,13918
2026-05-07,5726,2796,13903
2026-05-08,5929,2790,13812
2026-05-09,5741,2790,13918
2026-05-10,5726,2796,13902
2026-05-11,5928,2790,13813
2026-05-12,5742,2790,13917
2026-05-13,5726,2796,13902
2026-05-14,5927,2790,13814
2026-05-15,5743,2790,13916
2026-05-16,5727,2795,13902
2026-05-17,5926,2790,13815
2026-05-18,5743,2790,13916
2026-05-19,5727,2795,13902
2026-05-20,5924,2791,13816
2026-05-21,5744,2790,13915
2026-05-22,5727,2795,13901
2026-05-23,5923,2791,13817
2026-05-24,5745,2790,13914
2026-05-25,5728,2795,13901
2026-05-26,5922,2791,13818
2026-05-27,5746,2790,13914
2026-05-28,5728,2795,13901
2026-05-29,5921,2791,13819
2026-05-30,5746,2790,13913
2026-05-31,5728,2795,13901
2026-06-01,5920,2791,13819
2026-06-02,5747,2790,13912
2026-06-03,5728,2795,13901
2026-06-04,5919,2791,13820
2026-06-05,5748,2790,13912
2026-06-06,5729,2795,13900
2026-06-07,5918,2791,13821
2026-06-08,5748,2790,13911
2026-06-09,5729,2795,13900
2026-06-10,5917,2791,13822
2026-06-11,5749,2790,13911
2026-06-12,5729,2795,13900
2026-06-13,5916,2791,13823
2026-06-14,5750,2790,13910
2026-06-15,5730,2795,13900
2026-06-16,5915,2791,13824
2026-06-17,5750,2790,13909
2026-06-18,5730,2795,13899
2026-06-19,5914,2791,13824
2026-06-20,5751,2790,13909
2026-06-21,5730,2795,13899
2026-06-22,5913,2791,13825
2026-06-23,5752,2790,13908
2026-06-24,5731,2795,13899
2026-06-25,5912,2791,13826
2026-06-26,5752,2790,13908
2026-06-27,5731,2795,13899
2026-06-28,5911,2791,13827
2026-06-29,5753,2790,13907
2026-06-30,5731,2795,13899
2026-07-01,5911,2791,13827
2026-07-02,5754,2790,13907
2026-07-03,5732,2795,13898
2026-07-04,5910,2791,13828
2026-07-05,5754,2790,13906
2026-07-06,5732,2794,13898
2026-07-07,5909,2791,13829
2026-07-08,5755,2790,13906
2026-07-09,5732,2794,13898
2026-07-10,5908,2791,13829
2026-07-11,5756,2790,13905
2026-07-12,5733,2794,13898
2026-07-13,5907,2791,13830
2026-07-14,5756,2790,13905
2026-07-15,5733,2794,13898
2026-07-16,5906,2791,13831
2026-07-17,5757,2790,13904
2026-07-18,5733,2794,13897
2026-07-19,5905,2791,13832
2026-07-20,5757,2790,13904
2026-07-21,5734,2794,13897
2026-07-22,5904,2791,13832
2026-07-23,5758,2790,13903
2026-07-24,5734,2794,13897
2026-07-25,5903,2791,13833
2026-07-26,5758,2790,13903
2026-07-27,5734,2794,13897
2026-07-28,5902,2791,13833
2026-07-29,5759,2790,13902
2026-07-30,5734,2794,13897
2026-07-31,5901,2791,13834
2026-08-01,5760,2790,13902
2026-08-02,5735,2794,13896
2026-08-03,5901,2791,13835
2026-08-04,5760,2790,13901
2026-08-05,5735,2794,13896
2026-08-06,5900,2791,13835
2026-08-07,5761,2790,13901
2026-08-08,5735,2794,13896
2026-08-09,5899,2791,13836
2026-08-10,5761,2790,13901
2026-08-11,5736,2794,13896
2026-08-12,5898,2791,13837
2026-08-13,5762,2790,13900
2026-08-14,5736,2794,13896
2026-08-15,5897,2791,13837
2026-08-16,5762,2791,13900
2026-08-17,5736,2794,13896
2026-08-18,5896,2791,13838
2026-08-19,5763,2791,13899
2026-08-20,5737,2794,13895
2026-08-21,5896,2791,13838
2026-08-22,5763,2791,13899
2026-08-23,5737,2794,13895
2026-08-24,5895,2791,13839
2026-08-25,5764,2791,13899
2026-08-26,5737,2794,13895
2026-08-27,5894,2791,13839
2026-08-28,5764,2791,13898
2026-08-29,5738,2794,13895
2026-08-30,5893,2791,13840
2026-08-31,5765,2791,13898
2026-09-01,5738,2794,13895
2026-09-02,5892,2792,13841
2026-09-03,5765,2791,13898
2026-09-04,5738,2794,13894
2026-09-05,5891,2792,13841
2026-09-06,5766,2791,13897
2026-09-07,5738,2794,13894
2026-09-08,5891,2792,13842
2026-09-09,5766,2791,13897
2026-09-10,5739,2794,13894
2026-09-11,5890,2792,13842
2026-09-12,5767,2791,13896
2026-09-13,5739,2794,13894
2026-09-14,5889,2792,13843
2026-09-15,5767,2791,13896
2026-09-16,5739,2794,13894
2026-09-17,5888,2792,13843
2026-09-18,5768,2791,13896
2026-09-19,5740,2794,13894
2026-09-20,5888,2792,13844
2026-09-21,5768,2791,13895
2026-09-22,5740,2793,13893
2026-09-23,5887,2792,13844
2026-09-24,5769,2791,13895
2026-09-25,5740,2793,13893
2026-09-26,5886,2792,13845
2026-09-27,5769,2791,13895
2026-09-28,5741,2793,13893
2026-09-29,5885,2792,13845
2026-09-30,5770,2791,13894
2026-10-01,5741,2793,13893
2026-10-02,5885,2792,13846
2026-10-03,5770,2791,13894
2026-10-04,5741,2793,13893
2026-10-05,5884,2792,13846
2026-10-06,5770,2791,13894
2026-10-07,5741,2793,13893
2026-10-08,5883,2792,13847
2026-10-09,5771,2791,13894
2026-10-10,5742,2793,13892
2026-10-11,5882,2792,13847
2026-10-12,5771,2791,13893
2026-10-13,5742,2793,13892
2026-10-14,5882,2792,13847
2026-10-15,5772,2791,13893
2026-10-16,5742,2793,13892
2026-10-17,5881,2792,13848
2026-10-18,5772,2791,13893
2026-10-19,5743,2793,13892
2026-10-20,5880,2792,13848
2026-10-21,5773,2791,13892
2026-10-22,5743,2793,13892
2026-10-23,5879,2792,13849
2026-10-24,5773,2791,13892
2026-10-25,5743,2793,13892
2026-10-26,5879,2792,13849
2026-10-27,5773,2791,13892
2026-10-28,5744,2793,13891
2026-10-29,5878,2792,13850
2026-10-30,5774,2791,13892
2026-10-31,5744,2793,13891
2026-11-01,5877,2792,13850
2026-11-02,5774,2791,13891
2026-11-03,5744,2793,13891
2026-11-04,5877,2792,13850
2026-11-05,5775,2791,13891
2026-11-06,5744,2793,13891
2026-11-07,5876,2792,13851
2026-11-08,5775,2791,13891
2026-11-09,5745,2793,13891
2026-11-10,5875,2792,13851
2026-11-11,5775,2791,13891
2026-11-12,5745,2793,13891
2026-11-13,5875,2792,13852
2026-11-14,5776,2791,13890
2026-11-15,5745,2793,13891
2026-11-16,5874,2792,13852
2026-11-17,5776,2791,13890
2026-11-18,5746,2793,13890
2026-11-19,5873,2792,13852
2026-11-20,5776,2791,13890
2026-11-21,5746,2793,13890
2026-11-22,5873,2792,13853
2026-11-23,5777,2791,13890
2026-11-24,5746,2793,13890
2026-11-25,5872,2792,13853
2026-11-26,5777,2791,13889
2026-11-27,5746,2793,13890
2026-11-28,5871,2792,13853
2026-11-29,5778,2791,13889
2026-11-30,5747,2793,13890
2026-12-01,5871,2792,13854
2026-12-02,5778,2791,13889
2026-12-03,5747,2793,13890
2026-12-04,5870,2792,13854
2026-12-05,5778,2791,13889
2026-12-06,5747,2793,13890
2026-12-07,5870,2792,13855
2026-12-08,5779,2791,13889
2026-12-09,5748,2793,13889
2026-12-10,5869,2792,13855
2026-12-11,5779,2791,13888
2026-12-12,5748,2793,13889
2026-12-13,5868,2792,13855
2026-12-14,5779,2791,13888
2026-12-15,5748,2793,13889
2026-12-16,5868,2792,13856
2026-12-17,5780,2791,13888
2026-12-18,5748,2793,13889
2026-12-19,5867,2792,13856
2026-12-20,5780,2791,13888
2026-12-21,5749,2793,13889
2026-12-22,5866,2792,13856
2026-12-23,5780,2791,13888
2026-12-24,5749,2793,13889
2026-12-25,5866,2792,13856
2026-12-26,5781,2791,13887
2026-12-27,5749,2793,13889
2026-12-28,5865,2792,13857
2026-12-29,5781,2791,13887
2026-12-30,5750,2793,13889
2026-12-31,5865,2792,13857
2027-01-01,5781,2791,13887
2027-01-02,5750,2793,13888
2027-01-03,5864,2792,13857
2027-01-04,5781,2791,13887
2027-01-05,5750,2793,13888
2027-01-06,5864,2792,13858
2027-01-07,5782,2791,13887
2027-01-08,5750,2793,13888
2027-01-09,5863,2792,13858
2027-01-10,5782,2791,13887
2027-01-11,5751,2793,13888
2027-01-12,5862,2792,13858
2027-01-13,5782,2791,13886
2027-01-14,5751,2793,13888
2027-01-15,5862,2792,13859
2027-01-16,5783,2791,13886
2027-01-17,5751,2793,13888
2027-01-18,5861,2792,13859
2027-01-19,5783,2791,13886
2027-01-20,5751,2793,13888
2027-01-21,5861,2792,13859
2027-01-22,5783,2791,13886
2027-01-23,5752,2793,13888
2027-01-24,5860,2792,13859
2027-01-25,5784,2791,13886
2027-01-26,5752,2793,13888
2027-01-27,5860,2792,13860
2027-01-28,5784,2791,13886
2027-01-29,5752,2793,13887
2027-01-30,5859,2792,13860
2027-01-31,5784,2791,13885
2027-02-01,5753,2793,13887
2027-02-02,5859,2792,13860
2027-02-03,5784,2791,13885
2027-02-04,5753,2793,13887
2027-02-05,5858,2792,13860
2027-02-06,5785,2791,13885
2027-02-07,5753,2793,13887
2027-02-08,5858,2792,13861
2027-02-09,5785,2791,13885
2027-02-10,5753,2793,13887
2027-02-11,5857,2792,13861
2027-02-12,5785,2791,13885
2027-02-13,5754,2793,13887
2027-02-14,5856,2792,13861
2027-02-15,5785,2791,13885
2027-02-16,5754,2793,13887
2027-02-17,5856,2792,13861
2027-02-18,5786,2791,13885
2027-02-19,5754,2792,13887
2027-02-20,5855,2792,13862
2027-02-21,5786,2791,13884
2027-02-22,5754,2792,13887
2027-02-23,5855,2792,13862
2027-02-24,5786,2791,13884
2027-02-25,5755,2792,13886
2027-02-26,5854,2792,13862
2027-02-27,5786,2791,13884
2027-02-28,5755,2792,13886
2027-03-01,5854,2792,13862
2027-03-02,5787,2791,13884
2027-03-03,5755,2792,13886
2027-03-04,5853,2792,13863
2027-03-05,5787,2791,13884
2027-03-06,5755,2792,13886
2027-03-07,5853,2792,13863
2027-03-08,5787,2791,13884
2027-03-09,5756,2792,13886
2027-03-10,5852,2792,13863
2027-03-11,5787,2791,13884
2027-03-12,5756,2792,13886
2027-03-13,5852,2792,13863
2027-03-14,5788,2791,13884
2027-03-15,5756,2792,13886
2027-03-16,5851,2792,13863
2027-03-17,5788,2791,13883
2027-03-18,5756,2792,13886
2027-03-19,5851,2792,13864
2027-03-20,5788,2791,13883
2027-03-21,5757,2792,13886
2027-03-22,5851,2792,13864
2027-03-23,5788,2791,13883
2027-03-24,5757,2792,13886
2027-03-25,5850,2792,13864
2027-03-26,5788,2791,13883
2027-03-27,5757,2792,13885
2027-03-28,5850,2792,13864
2027-03-29,5789,2791,13883
2027-03-30,5757,2792,13885
2027-03-31,5849,2792,13865
2027-04-01,5789,2791,13883
2027-04-02,5758,2792,13885
2027-04-03,5849,2792,13865
2027-04-04,5789,2791,13883
2027-04-05,5758,2792,13885
2027-04-06,5848,2792,13865
2027-04-07,5789,2791,13883
2027-04-08,5758,2792,13885
2027-04-09,5848,2792,13865
2027-04-10,5790,2791,13883
2027-04-11,5758,2792,13885
2027-04-12,5847,2792,13865
2027-04-13,5790,2791,13882
2027-04-14,5759,2792,13885
2027-04-15,5847,2792,13865
2027-04-16,5790,2791,13882
2027-04-17,5759,2792,13885
2027-04-18,5846,2792,13866
2027-04-19,5790,2791,13882
2027-04-20,5759,2792,13885
2027-04-21,5846,2792,13866
2027-04-22,5790,2792,13882
2027-04-23,5759,2792,13885
2027-04-24,5846,2792,13866
2027-04-25,5791,2792,13882
2027-04-26,5760,2792,13885
2027-04-27,5845,2792,13866
2027-04-28,5791,2792,13882
2027-04-29,5760,2792,13885
2027-04-30,5845,2792,13866
2027-05-01,5791,2792,13882
2027-05-02,5760,2792,13884
2027-05-03,5844,2792,13867
2027-05-04,5791,2792,13882
2027-05-05,5760,2792,13884
2027-05-06,5844,2792,13867
2027-05-07,5791,2792,13882
2027-05-08,5760,2792,13884
2027-05-09,5844,2792,13867
2027-05-10,5791,2792,13882
2027-05-11,5761,2792,13884
2027-05-12,5843,2792,13867
2027-05-13,5792,2792,13882
2027-05-14,5761,2792,13884
2027-05-15,5843,2792,13867
2027-05-16,5792,2792,13882
2027-05-17,5761,2792,13884
2027-05-18,5842,2792,13867
2027-05-19,5792,2792,13881
2027-05-20,5761,2792,13884
2027-05-21,5842,2792,13867
2027-05-22,5792,2792,13881
2027-05-23,5762,2792,13884
2027-05-24,5842,2792,13868
2027-05-25,5792,2792,13881
2027-05-26,5762,2792,13884
2027-05-27,5841,2792,13868
2027-05-28,5792,2792,13881
2027-05-29,5762,2792,13884
2027-05-30,5841,2792,13868
2027-05-31,5793,2792,13881
2027-06-01,5762,2792,13884
2027-06-02,5840,2792,13868
2027-06-03,5793,2792,13881
2027-06-04,5763,2792,13884
2027-06-05,5840,2792,13868
2027-06-06,5793,2792,13881
2027-06-07,5763,2792,13884
2027-06-08,5840,2792,13868
2027-06-09,5793,2792,13881
2027-06-10,5763,2792,13883
2027-06-11,5839,2792,13868
2027-06-12,5793,2792,13881
2027-06-13,5763,2792,13883
2027-06-14,5839,2792,13869
2027-06-15,5793,2792,13881
2027-06-16,5763,2792,13883
2027-06-17,5838,2792,13869
2027-06-18,5794,2792,13881
2027-06-19,5764,2792,13883
2027-06-20,5838,2792,13869
2027-06-21,5794,2792,13881
2027-06-22,5764,2792,13883
2027-06-23,5838,2792,13869
2027-06-24,5794,2792,13881
2027-06-25,5764,2792,13883
2027-06-26,5837,2792,13869
2027-06-27,5794,2792,13881
2027-06-28,5764,2792,13883
2027-06-29,5837,2792,13869
2027-06-30,5794,2792,13880
2027-07-01,5764,2792,13883
2027-07-02,5837,2792,13869
2027-07-03,5794,2792,13880
2027-07-04,5765,2792,13883
2027-07-05,5836,2792,13870
2027-07-06,5794,2792,13880
2027-07-07,5765,2792,13883
2027-07-08,5836,2792,13870
2027-07-09,5795,2792,13880
2027-07-10,5765,2792,13883
2027-07-11,5836,2792,13870
2027-07-12,5795,2792,13880
2027-07-13,5765,2792,13883
2027-07-14,5835,2792,13870
2027-07-15,5795,2792,13880
2027-07-16,5766,2792,13883
2027-07-17,5835,2792,13870
2027-07-18,5795,2792,13880
2027-07-19,5766,2792,13883
2027-07-20,5835,2792,13870
2027-07-21,5795,2792,13880
2027-07-22,5766,2792,13883
2027-07-23,5834,2792,13870
2027-07-24,5795,2792,13880
2027-07-25,5766,2792,13882
2027-07-26,5834,2792,13870
2027-07-27,5795,2792,13880
2027-07-28,5766,2792,13882
2027-07-29,5834,2792,13870
2027-07-30,5795,2792,13880
2027-07-31,5767,2792,13882
2027-08-01,5833,2792,13871
2027-08-02,5796,2792,13880
2027-08-03,5767,2792,13882
2027-08-04,5833,2792,13871
2027-08-05,5796,2792,13880
2027-08-06,5767,2792,13882
2027-08-07,5833,2792,13871
2027-08-08,5796,2792,13880
2027-08-09,5767,2792,13882
2027-08-10,5832,2792,13871
2027-08-11,5796,2792,13880
2027-08-12,5767,2792,13882
2027-08-13,5832,2792,13871
2027-08-14,5796,2792,13880
2027-08-15,5768,2792,13882
2027-08-16,5832,2792,13871
2027-08-17,5796,2792,13880
2027-08-18,5768,2792,13882
2027-08-19,5831,2792,13871
2027-08-20,5796,2792,13880
2027-08-21,5768,2792,13882
2027-08-22,5831,2792,13871
2027-08-23,5796,2792,13880
2027-08-24,5768,2792,13882
2027-08-25,5831,2792,13871
2027-08-26,5796,2792,13880
2027-08-27,5768,2792,13882
2027-08-28,5830,2792,13871
2027-08-29,5797,2792,13879
2027-08-30,5769,2792,13882
2027-08-31,5830,2792,13872
2027-09-01,5797,2792,13879
2027-09-02,5769,2792,13882
2027-09-03,5830,2792,13872
2027-09-04,5797,2792,13879
2027-09-05,5769,2792,13882
2027-09-06,5830,2792,13872
2027-09-07,5797,2792,13879
2027-09-08,5769,2792,13882
2027-09-09,5829,2792,13872
2027-09-10,5797,2792,13879
2027-09-11,5769,2792,13882
2027-09-12,5829,2792,13872
2027-09-13,5797,2792,13879
2027-09-14,5770,2792,13882
2027-09-15,5829,2792,13872
2027-09-16,5797,2792,13879
2027-09-17,5770,2792,13882
2027-09-18,5828,2792,13872
2027-09-19,5797,2792,13879
2027-09-20,5770,2792,13881
2027-09-21,5828,2792,13872
2027-09-22,5797,2792,13879
2027-09-23,5770,2792,13881
2027-09-24,5828,2792,13872
2027-09-25,5797,2792,13879
2027-09-26,5770,2792,13881
2027-09-27,5828,2792,13872
2027-09-28,5798,2792,13879
2027-09-29,5770,2792,13881
2027-09-30,5827,2792,13872
2027-10-01,5798,2792,13879
2027-10-02,5771,2792,13881
2027-10-03,5827,2792,13872
2027-10-04,5798,2792,13879
2027-10-05,5771,2792,13881
2027-10-06,5827,2792,13873
2027-10-07,5798,2792,13879
2027-10-08,5771,2792,13881
2027-10-09,5826,2792,13873
2027-10-10,5798,2792,13879
2027-10-11,5771,2792,13881
2027-10-12,5826,2792,13873
2027-10-13,5798,2792,13879
2027-10-14,5771,2792,13881
2027-10-15,5826,2792,13873
2027-10-16,5798,2792,13879
2027-10-17,5772,2792,13881
2027-10-18,5826,2792,13873
2027-10-19,5798,2792,13879
2027-10-20,5772,2792,13881
2027-10-21,5825,2792,13873
2027-10-22,5798,2792,13879
2027-10-23,5772,2792,13881
2027-10-24,5825,2792,13873
2027-10-25,5798,2792,13879
2027-10-26,5772,2792,13881
2027-10-27,5825,2792,13873
2027-10-28,5798,2792,13879
2027-10-29,5772,2792,13881
2027-10-30,5825,2792,13873
2027-10-31,5798,2792,13879
2027-11-01,5772,2792,13881
2027-11-02,5824,2792,13873
2027-11-03,5799,2792,13879
2027-11-04,5773,2792,13881
2027-11-05,5824,2792,13873
2027-11-06,5799,2792,13879
2027-11-07,5773,2792,13881
2027-11-08,5824,2792,13873
2027-11-09,5799,2792,13879
2027-11-10,5773,2792,13881
2027-11-11,5824,2792,13873
2027-11-12,5799,2792,13879
2027-11-13,5773,2792,13881
2027-11-14,5823,2792,13873
2027-11-15,5799,2792,13879
2027-11-16,5773,2792,13881
2027-11-17,5823,2792,13874
2027-11-18,5799,2792,13879
2027-11-19,5773,2792,13881
2027-11-20,5823,2792,13874
2027-11-21,5799,2792,13879
2027-11-22,5774,2792,13881
2027-11-23,5823,2792,13874
2027-11-24,5799,2792,13879
2027-11-25,5774,2792,13881
2027-11-26,5822,2792,13874
2027-11-27,5799,2792,13879
2027-11-28,5774,2792,13880
2027-11-29,5822,2792,13874
2027-11-30,5799,2792,13879
2027-12-01,5774,2792,13880
2027-12-02,5822,2792,13874
2027-12-03,5799,2792,13878
2027-12-04,5774,2792,13880
2027-12-05,5822,2792,13874
2027-12-06,5799,2792,13878
2027-12-07,5774,2792,13880
2027-12-08,5822,2792,13874
2027-12-09,5799,2792,13878
2027-12-10,5775,2792,13880
2027-12-11,5821,2792,13874
2027-12-12,5799,2792,13878
2027-12-13,5775,2792,13880
2027-12-14,5821,2792,13874
2027-12-15,5799,2792,13878
2027-12-16,5775,2792,13880
2027-12-17,5821,2792,13874
2027-12-18,5800,2792,13878
2027-12-19,5775,2792,13880
2027-12-20,5821,2792,13874
2027-12-21,5800,2792,13878
2027-12-22,5775,2792,13880
2027-12-23,5820,2792,13874
2027-12-24,5800,2792,13878
2027-12-25,5775,2792,13880
2027-12-26,5820,2792,13874
2027-12-27,5800,2792,13878
2027-12-28,5776,2792,13880
2027-12-29,5820,2792,13874
2027-12-30,5800,2792,13878
2027-12-31,5776,2792,13880
2028-01-01,5820,2792,13874
2028-01-02,5800,2792,13878
2028-01-03,5776,2792,13880
2028-01-04,5820,2792,13874
2028-01-05,5800,2792,13878
2028-01-06,5776,2792,13880
2028-01-07,5819,2792,13874
2028-01-08,5800,2792,13878
2028-01-09,5776,2792,13880
2028-01-10,5819,2792,13875
2028-01-11,5800,2792,13878
2028-01-12,5776,2792,13880
2028-01-13,5819,2792,13875
2028-01-14,5800,2792,13878
2028-01-15,5776,2792,13880
2028-01-16,5819,2792,13875
2028-01-17,5800,2792,13878
2028-01-18,5777,2792,13880
2028-01-19,5819,2792,13875
2028-01-20,5800,2792,13878
2028-01-21,5777,2792,13880
2028-01-22,5818,2792,13875
2028-01-23,5800,2792,13878
2028-01-24,5777,2792,13880
2028-01-25,5818,2792,13875
2028-01-26,5800,2792,13878
2028-01-27,5777,2792,13880
2028-01-28,5818,2792,13875
2028-01-29,5800,2792,13878
2028-01-30,5777,2792,13880
2028-01-31,5818,2792,13875
2028-02-01,5800,2792,13878
2028-02-02,5777,2792,13880
2028-02-03,5818,2792,13875
2028-02-04,5800,2792,13878
2028-02-05,5778,2792,13880
2028-02-06,5817,2792,13875
2028-02-07,5800,2792,13878
2028-02-08,5778,2792,13880
2028-02-09,5817,2792,13875
2028-02-10,5800,2792,13878
2028-02-11,5778,2792,13880
2028-02-12,5817,2792,13875
2028-02-13,5800,2792,13878
2028-02-14,5778,2792,13880
2028-02-15,5817,2792,13875
2028-02-16,5801,2792,13878
2028-02-17,5778,2792,13880
2028-02-18,5817,2792,13875
2028-02-19,5801,2792,13878
2028-02-20,5778,2792,13880
2028-02-21,5817,2792,13875
2028-02-22,5801,2792,13878
2028-02-23,5778,2792,13880
2028-02-24,5816,2792,13875
2028-02-25,5801,2792,13878
2028-02-26,5779,2792,13880
2028-02-27,5816,2792,13875
2028-02-28,5801,2792,13878
2028-02-29,5779,2792,13880
2028-03-01,5816,2792,13875
2028-03-02,5801,2792,13878
2028-03-03,5779,2792,13880
2028-03-04,5816,2792,13875
2028-03-05,5801,2792,13878
2028-03-06,5779,2792,13879
2028-03-07,5816,2792,13875
2028-03-08,5801,2792,13878
2028-03-09,5779,2792,13879
2028-03-10,5816,2792,13875
2028-03-11,5801,2792,13878
2028-03-12,5779,2792,13879
2028-03-13,5815,2792,13875
2028-03-14,5801,2792,13878
2028-03-15,5779,2792,13879
2028-03-16,5815,2792,13875
2028-03-17,5801,2792,13878
2028-03-18,5779,2792,13879
2028-03-19,5815,2792,13875
2028-03-20,5801,2792,13878
2028-03-21,5780,2792,13879
2028-03-22,5815,2792,13875
2028-03-23,5801,2792,13878
2028-03-24,5780,2792,13879
2028-03-25,5815,2792,13876
2028-03-26,5801,2792,13878
2028-03-27,5780,2792,13879
2028-03-28,5815,2792,13876
2028-03-29,5801,2792,13878
2028-03-30,5780,2792,13879
2028-03-31,5814,2792,13876
2028-04-01,5801,2792,13878
2028-04-02,5780,2792,13879
2028-04-03,5814,2792,13876
2028-04-04,5801,2792,13878
2028-04-05,5780,2792,13879
2028-04-06,5814,2792,13876
2028-04-07,5801,2792,13878
2028-04-08,5780,2792,13879
2028-04-09,5814,2792,13876
2028-04-10,5801,2792,13878
2028-04-11,5781,2792,13879
2028-04-12,5814,2792,13876
2028-04-13,5801,2792,13878
2028-04-14,5781,2792,13879
2028-04-15,5814,2792,13876
2028-04-16,5801,2792,13878
2028-04-17,5781,2792,13879
2028-04-18,5813,2792,13876
2028-04-19,5801,2792,13878
2028-04-20,5781,2792,13879
2028-04-21,5813,2792,13876
2028-04-22,5801,2792,13878
2028-04-23,5781,2792,13879
2028-04-24,5813,2792,13876
2028-04-25,5801,2792,13878
2028-04-26,5781,2792,13879
2028-04-27,5813,2792,13876
2028-04-28,5801,2792,13878
2028-04-29,5781,2792,13879
2028-04-30,5813,2792,13876
2028-05-01,5801,2792,13878
2028-05-02,5781,2792,13879
2028-05-03,5813,2792,13876
2028-05-04,5801,2792,13878
2028-05-05,5782,2792,13879
2028-05-06,5813,2792,13876
2028-05-07,5801,2792,13878
2028-05-08,5782,2792,13879
2028-05-09,5812,2792,13876
2028-05-10,5801,2792,13878
2028-05-11,5782,2792,13879
2028-05-12,5812,2792,13876
2028-05-13,5801,2792,13878
2028-05-14,5782,2792,13879
2028-05-15,5812,2792,13876
2028-05-16,5801,2792,13878
2028-05-17,5782,2792,13879
2028-05-18,5812,2792,13876
2028-05-19,5801,2792,13878
2028-05-20,5782,2792,13879
2028-05-21,5812,2792,13876
2028-05-22,5801,2792,13878
2028-05-23,5782,2792,13879
2028-05-24,5812,2792,13876
2028-05-25,5801,2792,13878
2028-05-26,5782,2792,13879
2028-05-27,5812,2792,13876
2028-05-28,5801,2792,13878
2028-05-29,5782,2792,13879
2028-05-30,5811,2792,13876
2028-05-31,5802,2792,13878
2028-06-01,5783,2792,13879
2028-06-02,5811,2792,13876
2028-06-03,5802,2792,13878
2028-06-04,5783,2792,13879
2028-06-05,5811,2792,13876
2028-06-06,5802,2792,13878
2028-06-07,5783,2792,13879
2028-06-08,5811,2792,13876
2028-06-09,5802,2792,13878
2028-06-10,5783,2792,13879
2028-06-11,5811,2792,13876
2028-06-12,5802,2792,13878
2028-06-13,5783,2792,13879
2028-06-14,5811,2792,13876
2028-06-15,5802,2792,13878
2028-06-16,5783,2792,13879
2028-06-17,5811,2792,13876
2028-06-18,5802,2792,13878
2028-06-19,5783,2792,13879
2028-06-20,5811,2792,13876
2028-06-21,5802,2792,13878
2028-06-22,5783,2792,13879
2028-06-23,5810,2792,13876
2028-06-24,5802,2792,13878
2028-06-25,5783,2792,13879
2028-06-26,5810,2792,13876
2028-06-27,5802,2792,13878
2028-06-28,5784,2792,13879
2028-06-29,5810,2792,13876
2028-06-30,5802,2792,13878
2028-07-01,5784,2792,13879
2028-07-02,5810,2792,13876
2028-07-03,5802,2792,13878
2028-07-04,5784,2792,13879
2028-07-05,5810,2792,13876
2028-07-06,5802,2792,13878
2028-07-07,5784,2792,13879
2028-07-08,5810,2792,13876
2028-07-09,5802,2792,13878
2028-07-10,5784,2792,13879
2028-07-11,5810,2792,13876
2028-07-12,5802,2792,13878
2028-07-13,5784,2792,13879
2028-07-14,5810,2792,13876
2028-07-15,5802,2792,13878
2028-07-16,5784,2792,13879
2028-07-17,5809,2792,13876
2028-07-18,5802,2792,13878
2028-07-19,5784,2792,13879
2028-07-20,5809,2792,13876
2028-07-21,5802,2792,13878
2028-07-22,5784,2792,13879
2028-07-23,5809,2792,13876
2028-07-24,5802,2792,13878
2028-07-25,5785,2792,13879
2028-07-26,5809,2792,13877
2028-07-27,5802,2792,13878
2028-07-28,5785,2792,13879
2028-07-29,5809,2792,13877
2028-07-30,5802,2792,13878
2028-07-31,5785,2792,13879
2028-08-01,5809,2792,13877
2028-08-02,5802,2792,13878
2028-08-03,5785,2792,13879
2028-08-04,5809,2792,13877
2028-08-05,5802,2792,13878
2028-08-06,5785,2792,13879
2028-08-07,5809,2792,13877
2028-08-08,5802,2792,13878
2028-08-09,5785,2792,13879
2028-08-10,5809,2792,13877
2028-08-11,5802,2792,13878
2028-08-12,5785,2792,13879
2028-08-13,5808,2792,13877
2028-08-14,5802,2792,13878
2028-08-15,5785,2792,13879
2028-08-16,5808,2792,13877
2028-08-17,5802,2792,13878
2028-08-18,5785,2792,13879
2028-08-19,5808,2792,13877
2028-08-20,5802,2792,13878
2028-08-21,5785,2792,13879
2028-08-22,5808,2792,13877
2028-08-23,5802,2792,13878
2028-08-24,5786,2792,13878
2028-08-25,5808,2792,13877
2028-08-26,5802,2792,13878
2028-08-27,5786,2792,13878
2028-08-28,5808,2792,13877
2028-08-29,5802,2792,13878
2028-08-30,5786,2792,13878
2028-08-31,5808,2792,13877
2028-09-01,5802,2792,13878
2028-09-02,5786,2792,13878
2028-09-03,5808,2792,13877
2028-09-04,5802,2792,13878
2028-09-05,5786,2792,13878
2028-09-06,5808,2792,13877
2028-09-07,5802,2792,13878
2028-09-08,5786,2792,13878
2028-09-09,5808,2792,13877
2028-09-10,5802,2792,13878
2028-09-11,5786,2792,13878
2028-09-12,5807,2792,13877
2028-09-13,5802,2792,13878
2028-09-14,5786,2792,13878
2028-09-15,5807,2792,13877
2028-09-16,5802,2792,13878
2028-09-17,5786,2792,13878
2028-09-18,5807,2792,13877
2028-09-19,5802,2792,13878
2028-09-20,5786,2792,13878
2028-09-21,5807,2792,13877
2028-09-22,5802,2792,13878
2028-09-23,5786,2792,13878
2028-09-24,5807,2792,13877
2028-09-25,5802,2792,13878
2028-09-26,5787,2792,13878
2028-09-27,5807,2792,13877
2028-09-28,5802,2792,13878
2028-09-29,5787,2792,13878
2028-09-30,5807,2792,13877
2028-10-01,5802,2792,13878
2028-10-02,5787,2792,13878
2028-10-03,5807,2792,13877
2028-10-04,5802,2792,13878
2028-10-05,5787,2792,13878
2028-10-06,5807,2792,13877
2028-10-07,5802,2792,13878
2028-10-08,5787,2792,13878
2028-10-09,5807,2792,13877
2028-10-10,5802,2792,13878
2028-10-11,5787,2792,13878
2028-10-12,5807,2792,13877
2028-10-13,5802,2792,13878
2028-10-14,5787,2792,13878
2028-10-15,5806,2792,13877
2028-10-16,5802,2792,13878
2028-10-17,5787,2792,13878
2028-10-18,5806,2792,13877
2028-10-19,5802,2792,13878
2028-10-20,5787,2792,13878
2028-10-21,5806,2792,13877
2028-10-22,5802,2792,13878
2028-10-23,5787,2792,13878
2028-10-24,5806,2792,13877
2028-10-25,5802,2792,13878
2028-10-26,5787,2792,13878
2028-10-27,5806,2792,13877
2028-10-28,5802,2792,13878
2028-10-29,5787,2792,13878
2028-10-30,5806,2792,13877
2028-10-31,5802,2792,13878
2028-11-01,5788,2792,13878
2028-11-02,5806,2792,13877
2028-11-03,5802,2792,13878
2028-11-04,5788,2792,13878
2028-11-05,5806,2792,13877
2028-11-06,5802,2792,13878
2028-11-07,5788,2792,13878
2028-11-08,5806,2792,13877
2028-11-09,5802,2792,13878
2028-11-10,5788,2792,13878
2028-11-11,5806,2792,13877
2028-11-12,5802,2792,13878
2028-11-13,5788,2792,13878
2028-11-14,5806,2792,13877
2028-11-15,5802,2792,13878
2028-11-16,5788,2792,13878
2028-11-17,5806,2792,13877
2028-11-18,5802,2792,13878
2028-11-19,5788,2792,13878
2028-11-20,5805,2792,13877
2028-11-21,5802,2792,13878
2028-11-22,5788,2792,13878
2028-11-23,5805,2792,13877
2028-11-24,5802,2792,13878
2028-11-25,5788,2792,13878
2028-11-26,5805,2792,13877
2028-11-27,5802,2792,13878
2028-11-28,5788,2792,13878
2028-11-29,5805,2792,13877
2028-11-30,5802,2792,13878
2028-12-01,5788,2792,13878
2028-12-02,5805,2792,13877
2028-12-03,5802,2792,13878
2028-12-04,5788,2792,13878
2028-12-05,5805,2792,13877
2028-12-06,5802,2792,13878
2028-12-07,5789,2792,13878
2028-12-08,5805,2792,13877
2028-12-09,5802,2792,13878
2028-12-10,5789,2792,13878
2028-12-11,5805,2792,13877
2028-12-12,5802,2792,13878
2028-12-13,5789,2792,13878
2028-12-14,5805,2792,13877
2028-12-15,5802,2792,13878
2028-12-16,5789,2792,13878
2028-12-17,5805,2792,13877
2028-12-18,5802,2792,13878
2028-12-19,5789,2792,13878
2028-12-20,5805,2792,13877
2028-12-21,5802,2792,13878
2028-12-22,5789,2792,13878
2028-12-23,5805,2792,13877
2028-12-24,5802,2792,13878
2028-12-25,5789,2792,13878
2028-12-26,5805,2792,13877
2028-12-27,5802,2792,13878
2028-12-28,5789,2792,13878
2028-12-29,5805,2792,13877
2028-12-30,5802,2792,13878
2028-12-31,5789,2792,13878
2029-01-01,5804,2792,13877
2029-01-02,5802,2792,13878
2029-01-03,5789,2792,13878
2029-01-04,5804,2792,13877
2029-01-05,5802,2792,13878
2029-01-06,5789,2792,13878
2029-01-07,5804,2792,13877
2029-01-08,5802,2792,13878
2029-01-09,5789,2792,13878
2029-01-10,5804,2792,13877
2029-01-11,5802,2792,13878
2029-01-12,5789,2792,13878
2029-01-13,5804,2792,13877
2029-01-14,5802,2792,13878
2029-01-15,5789,2792,13878
2029-01-16,5804,2792,13877
2029-01-17,5802,2792,13878
2029-01-18,5790,2792,13878
2029-01-19,5804,2792,13877
2029-01-20,5802,2792,13878
2029-01-21,5790,2792,13878
2029-01-22,5804,2792,13877
2029-01-23,5802,2792,13878
2029-01-24,5790,2792,13878
2029-01-25,5804,2792,13877
2029-01-26,5802,2792,13878
2029-01-27,5790,2792,13878
2029-01-28,5804,2792,13877
2029-01-29,5802,2792,13878
2029-01-30,5790,2792,13878
2029-01-31,5804,2792,13877
2029-02-01,5802,2792,13878
2029-02-02,5790,2792,13878
2029-02-03,5804,2792,13877
2029-02-04,5802,2792,13878
2029-02-05,5790,2792,13878
2029-02-06,5804,2792,13877
2029-02-07,5802,2792,13878
2029-02-08,5790,2792,13878
2029-02-09,5804,2792,13877
2029-02-10,5802,2792,13878
2029-02-11,5790,2792,13878
2029-02-12,5804,2792,13877
2029-02-13,5802,2792,13878
2029-02-14,5790,2792,13878
2029-02-15,5804,2792,13877
2029-02-16,5802,2792,13878
2029-02-17,5790,2792,13878
2029-02-18,5803,2792,13877
2029-02-19,5802,2792,13878
2029-02-20,5790,2792,13878
2029-02-21,5803,2792,13877
2029-02-22,5802,2792,13878
2029-02-23,5790,2792,13878
2029-02-24,5803,2792,13877
2029-02-25,5802,2792,13878
2029-02-26,5790,2792,13878
2029-02-27,5803,2792,13877
2029-02-28,5802,2792,13878
2029-03-01,5790,2792,13878
2029-03-02,5803,2792,13877
2029-03-03,5802,2792,13878
2029-03-04,5791,2792,13878
2029-03-05,5803,2792,13877
2029-03-06,5802,2792,13878
2029-03-07,5791,2792,13878
2029-03-08,5803,2792,13877
2029-03-09,5802,2792,13878
2029-03-10,5791,2792,13878
2029-03-11,5803,2792,13877
2029-03-12,5802,2792,13878
2029-03-13,5791,2792,13878
2029-03-14,5803,2792,13877
2029-03-15,5802,2792,13878
2029-03-16,5791,2792,13878
2029-03-17,5803,2792,13877
2029-03-18,5802,2792,13878
2029-03-19,5791,2792,13878
2029-03-20,5803,2792,13877
2029-03-21,5802,2792,13878
2029-03-22,5791,2792,13878
2029-03-23,5803,2792,13877
2029-03-24,5802,2792,13878
2029-03-25,5791,2792,13878
2029-03-26,5803,2792,13877
2029-03-27,5802,2792,13878
2029-03-28,5791,2792,13878
2029-03-29,5803,2792,13877
2029-03-30,5802,2792,13878
2029-03-31,5791,2792,13878
2029-04-01,5803,2792,13877
2029-04-02,5802,2792,13878
2029-04-03,5791,2792,13878
2029-04-04,5803,2792,13877
2029-04-05,5802,2792,13878
2029-04-06,5791,2792,13878
2029-04-07,5803,2792,13877
2029-04-08,5802,2792,13878
2029-04-09,5791,2792,13878
2029-04-10,5803,2792,13877
2029-04-11,5802,2792,13878
2029-04-12,5791,2792,13878
2029-04-13,5803,2792,13877
2029-04-14,5802,2792,13878
2029-04-15,5791,2792,13878
2029-04-16,5802,2792,13877
2029-04-17,5802,2792,13878
2029-04-18,5791,2792,13878
2029-04-19,5802,2792,13877
2029-04-20,5802,2792,13878
2029-04-21,5791,2792,13878
2029-04-22,5802,2792,13877
2029-04-23,5802,2792,13878
2029-04-24,5792,2792,13878
2029-04-25,5802,2792,13877
2029-04-26,5802,2792,13878
2029-04-27,5792,2792,13878
2029-04-28,5802,2792,13877
2029-04-29,5802,2792,13878
2029-04-30,5792,2792,13878
2029-05-01,5802,2792,13877
2029-05-02,5802,2792,13878
2029-05-03,5792,2792,13878
2029-05-04,5802,2792,13877
2029-05-05,5802,2792,13878
2029-05-06,5792,2792,13878
2029-05-07,5802,2792,13877
2029-05-08,5801,2792,13878
2029-05-09,5792,2792,13878
2029-05-10,5802,2792,13877
2029-05-11,5801,2792,13878
2029-05-12,5792,2792,13878
2029-05-13,5802,2792,13877
2029-05-14,5801,2792,13878
2029-05-15,5792,2792,13878
2029-05-16,5802,2792,13877
2029-05-17,5801,2792,13878
2029-05-18,5792,2792,13878
2029-05-19,5802,2792,13877
2029-05-20,5801,2792,13878
2029-05-21,5792,2792,13878
2029-05-22,5802,2792,13877
2029-05-23,5801,2792,13878
2029-05-24,5792,2792,13878
2029-05-25,5802,2792,13877
2029-05-26,5801,2792,13878
2029-05-27,5792,2792,13878
2029-05-28,5802,2792,13877
2029-05-29,5801,2792,13878
2029-05-30,5792,2792,13878
2029-05-31,5802,2792,13877
2029-06-01,5801,2792,13878
2029-06-02,5792,2792,13878
2029-06-03,5802,2792,13877
2029-06-04,5801,2792,13878
2029-06-05,5792,2792,13878
2029-06-06,5802,2792,13877
2029-06-07,5801,2792,13878
2029-06-08,5792,2792,13878
2029-06-09,5802,2792,13877
2029-06-10,5801,2792,13878
2029-06-11,5792,2792,13878
2029-06-12,5802,2792,13877
2029-06-13,5801,2792,13878
2029-06-14,5792,2792,13878
2029-06-15,5802,2792,13877
2029-06-16,5801,2792,13878
2029-06-17,5792,2792,13878
2029-06-18,5802,2792,13877
2029-06-19,5801,2792,13878
2029-06-20,5793,2792,13878
2029-06-21,5802,2792,13877
2029-06-22,5801,2792,13878
2029-06-23,5793,2792,13878
2029-06-24,5802,2792,13877
2029-06-25,5801,2792,13878
2029-06-26,5793,2792,13878
2029-06-27,5801,2792,13877
2029-06-28,5801,2792,13878
2029-06-29,5793,2792,13878
2029-06-30,5801,2792,13877
2029-07-01,5801,2792,13878
2029-07-02,5793,2792,13878
2029-07-03,5801,2792,13877
2029-07-04,5801,2792,13878
2029-07-05,5793,2792,13878
2029-07-06,5801,2792,13877
2029-07-07,5801,2792,13878
2029-07-08,5793,2792,13878
2029-07-09,5801,2792,13877
2029-07-10,5801,2792,13878
2029-07-11,5793,2792,13878
2029-07-12,5801,2792,13877
2029-07-13,5801,2792,13878
2029-07-14,5793,2792,13878
2029-07-15,5801,2792,13877
2029-07-16,5801,2792,13878
2029-07-17,5793,2792,13878
2029-07-18,5801,2792,13877
2029-07-19,5801,2792,13878
2029-07-20,5793,2792,13878
2029-07-21,5801,2792,13877
2029-07-22,5801,2792,13878
2029-07-23,5793,2792,13878
2029-07-24,5801,2792,13877
2029-07-25,5801,2792,13878
2029-07-26,5793,2792,13878
2029-07-27,5801,2792,13877
2029-07-28,5801,2792,13878
2029-07-29,5793,2792,13878
2029-07-30,5801,2792,13877
2029-07-31,5801,2792,13878
2029-08-01,5793,2792,13878
2029-08-02,5801,2792,13877
2029-08-03,5801,2792,13878
2029-08-04,5793,2792,13878
2029-08-05,5801,2792,13877
2029-08-06,5801,2792,13878
2029-08-07,5793,2792,13878
2029-08-08,5801,2792,13877
2029-08-09,5801,2792,13878
2029-08-10,5793,2792,13878
2029-08-11,5801,2792,13877
2029-08-12,5801,2792,13878
2029-08-13,5793,2792,13878
2029-08-14,5801,2792,13877
2029-08-15,5801,2792,13878
2029-08-16,5793,2792,13878
2029-08-17,5801,2792,13877
2029-08-18,5801,2792,13878
2029-08-19,5793,2792,13878
2029-08-20,5801,2792,13877
2029-08-21,5801,2792,13878
2029-08-22,5793,2792,13878
2029-08-23,5801,2792,13877
2029-08-24,5801,2792,13878
2029-08-25,5793,2792,13878
2029-08-26,5801,2792,13877
2029-08-27,5801,2792,13878
2029-08-28,5794,2792,13878
2029-08-29,5801,2792,13877
2029-08-30,5801,2792,13878
2029-08-31,5794,2792,13878
2029-09-01,5801,2792,13877
2029-09-02,5801,2792,13878
2029-09-03,5794,2792,13878
2029-09-04,5801,2792,13877
2029-09-05,5801,2792,13878
2029-09-06,5794,2792,13878
2029-09-07,5801,2792,13877
2029-09-08,5801,2792,13878
2029-09-09,5794,2792,13878
2029-09-10,5801,2792,13877
2029-09-11,5801,2792,13878
2029-09-12,5794,2792,13878
2029-09-13,5801,2792,13877
2029-09-14,5801,2792,13878
2029-09-15,5794,2792,13878
2029-09-16,5801,2792,13877
2029-09-17,5801,2792,13878
2029-09-18,5794,2792,13878
2029-09-19,5801,2792,13877
2029-09-20,5801,2792,13878
2029-09-21,5794,2792,13878
2029-09-22,5801,2792,13877
2029-09-23,5801,2792,13878
2029-09-24,5794,2792,13878
2029-09-25,5801,2792,13877
2029-09-26,5801,2792,13878
2029-09-27,5794,2792,13878
2029-09-28,5800,2792,13877
2029-09-29,5801,2792,13878
2029-09-30,5794,2792,13878
2029-10-01,5800,2792,13877
2029-10-02,5801,2792,13878
2029-10-03,5794,2792,13878
2029-10-04,5800,2792,13877
2029-10-05,5801,2792,13878
2029-10-06,5794,2792,13878
2029-10-07,5800,2792,13877
2029-10-08,5801,2792,13878
2029-10-09,5794,2792,13878
2029-10-10,5800,2792,13877
2029-10-11,5801,2792,13878
2029-10-12,5794,2792,13878
2029-10-13,5800,2792,13877
2029-10-14,5801,2792,13878
2029-10-15,5794,2792,13878
2029-10-16,5800,2792,13878
2029-10-17,5801,2792,13878
2029-10-18,5794,2792,13878
2029-10-19,5800,2792,13878
2029-10-20,5801,2792,13878
2029-10-21,5794,2792,13878
2029-10-22,5800,2792,13878
2029-10-23,5801,2792,13878
2029-10-24,5794,2792,13878
2029-10-25,5800,2792,13878
2029-10-26,5801,2792,13878
2029-10-27,5794,2792,13878
2029-10-28,5800,2792,13878
2029-10-29,5801,2792,13878
2029-10-30,5794,2792,13878
2029-10-31,5800,2792,13878
2029-11-01,5801,2792,13878
2029-11-02,5794,2792,13878
2029-11-03,5800,2792,13878
2029-11-04,5801,2792,13878
2029-11-05,5794,2792,13878
2029-11-06,5800,2792,13878
2029-11-07,5801,2792,13878
2029-11-08,5794,2792,13878
2029-11-09,5800,2792,13878
2029-11-10,5801,2792,13878
2029-11-11,5794,2792,13878
2029-11-12,5800,2792,13878
2029-11-13,5801,2792,13878
2029-11-14,5794,2792,13878
2029-11-15,5800,2792,13878
2029-11-16,5801,2792,13878
2029-11-17,5795,2792,13878
2029-11-18,5800,2792,13878
2029-11-19,5801,2792,13878
2029-11-20,5795,2792,13878
2029-11-21,5800,2792,13878
2029-11-22,5801,2792,13878
2029-11-23,5795,2792,13878
2029-11-24,5800,2792,13878
2029-11-25,5801,2792,13878
2029-11-26,5795,2792,13878
2029-11-27,5800,2792,13878
2029-11-28,5801,2792,13878
2029-11-29,5795,2792,13878
2029-11-30,5800,2792,13878
2029-12-01,5801,2792,13878
2029-12-02,5795,2792,13878
2029-12-03,5800,2792,13878
2029-12-04,5801,2792,13878
2029-12-05,5795,2792,13878
2029-12-06,5800,2792,13878
2029-12-07,5801,2792,13878
2029-12-08,5795,2792,13878
2029-12-09,5800,2792,13878
2029-12-10,5801,2792,13878
2029-12-11,5795,2792,13878
2029-12-12,5800,2792,13878
2029-12-13,5801,2792,13878
2029-12-14,5795,2792,13878
2029-12-15,5800,2792,13878
2029-12-16,5801,2792,13878
2029-12-17,5795,2792,13878
2029-12-18,5800,2792,13878
2029-12-19,5801,2792,13878
2029-12-20,5795,2792,13878
2029-12-21,5800,2792,13878
2029-12-22,5801,2792,13878
2029-12-23,5795,2792,13878
2029-12-24,5800,2792,13878
2029-12-25,5801,2792,13878
2029-12-26,5795,2792,13878
2029-12-27,5800,2792,13878
2029-12-28,5801,2792,13878
2029-12-29,5795,2792,13878
2029-12-30,5800,2792,13878
2029-12-31,5801,2792,13878
2030-01-01,5795,2792,13878
2030-01-02,5800,2792,13878
2030-01-03,5801,2792,13878
2030-01-04,5795,2792,13878
2030-01-05,5800,2792,13878
2030-01-06,5801,2792,13878
2030-01-07,5795,2792,13878
2030-01-08,5800,2792,13878
2030-01-09,5801,2792,13878
2030-01-10,5795,2792,13878
2030-01-11,5800,2792,13878
2030-01-12,5801,2792,13878
2030-01-13,5795,2792,13878
2030-01-14,5800,2792,13878
2030-01-15,5801,2792,13878
2030-01-16,5795,2792,13878
2030-01-17,5800,2792,13878
2030-01-18,5801,2792,13878
2030-01-19,5795,2792,13878
2030-01-20,5800,2792,13878
2030-01-21,5801,2792,13878
2030-01-22,5795,2792,13878
2030-01-23,5800,2792,13878
2030-01-24,5801,2792,13878
2030-01-25,5795,2792,13878
2030-01-26,5800,2792,13878
2030-01-27,5801,2792,13878
2030-01-28,5795,2792,13878
2030-01-29,5800,2792,13878
2030-01-30,5801,2792,13878
2030-01-31,5795,2792,13878
2030-02-01,5800,2792,13878
2030-02-02,5801,2792,13878
2030-02-03,5795,2792,13878
2030-02-04,5800,2792,13878
2030-02-05,5801,2792,13878
2030-02-06,5795,2792,13878
2030-02-07,5800,2792,13878
2030-02-08,5801,2792,13878
2030-02-09,5795,2792,13878
2030-02-10,5800,2792,13878
2030-02-11,5801,2792,13878
2030-02-12,5795,2792,13878
2030-02-13,5800,2792,13878
2030-02-14,5800,2792,13878
2030-02-15,5795,2792,13878
2030-02-16,5800,2792,13878
2030-02-17,5800,2792,13878
2030-02-18,5795,2792,13878
2030-02-19,5799,2792,13878
2030-02-20,5800,2792,13878
2030-02-21,5795,2792,13878
2030-02-22,5799,2792,13878
2030-02-23,5800,2792,13878
2030-02-24,5795,2792,13878
2030-02-25,5799,2792,13878
2030-02-26,5800,2792,13878
2030-02-27,5796,2792,13878
2030-02-28,5799,2792,13878
2030-03-01,5800,2792,13878
2030-03-02,5796,2792,13878
2030-03-03,5799,2792,13878
2030-03-04,5800,2792,13878
2030-03-05,5796,2792,13878
2030-03-06,5799,2792,13878
2030-03-07,5800,2792,13878
2030-03-08,5796,2792,13878
2030-03-09,5799,2792,13878
2030-03-10,5800,2792,13878
2030-03-11,5796,2792,13878
2030-03-12,5799,2792,13878
2030-03-13,5800,2792,13878
2030-03-14,5796,2792,13878
2030-03-15,5799,2792,13878
2030-03-16,5800,2792,13878
2030-03-17,5796,2792,13878
2030-03-18,5799,2792,13878
2030-03-19,5800,2792,13878
2030-03-20,5796,2792,13878
2030-03-21,5799,2792,13878
2030-03-22,5800,2792,13878
2030-03-23,5796,2792,13878
2030-03-24,5799,2792,13878
2030-03-25,5800,2792,13878
2030-03-26,5796,2792,13878
2030-03-27,5799,2792,13878
2030-03-28,5800,2792,13878
2030-03-29,5796,2792,13878
2030-03-30,5799,2792,13878
2030-03-31,5800,2792,13878
2030-04-01,5796,2792,13878
2030-04-02,5799,2792,13878
2030-04-03,5800,2792,13878
2030-04-04,5796,2792,13878
2030-04-05,5799,2792,13878
2030-04-06,5800,2792,13878
2030-04-07,5796,2792,13878
2030-04-08,5799,2792,13878
2030-04-09,5800,2792,13878
2030-04-10,5796,2792,13878
2030-04-11,5799,2792,13878
2030-04-12,5800,2792,13878
2030-04-13,5796,2792,13878
2030-04-14,5799,2792,13878
2030-04-15,5800,2792,13878
2030-04-16,5796,2792,13878
2030-04-17,5799,2792,13878
2030-04-18,5800,2792,13878
2030-04-19,5796,2792,13878
2030-04-20,5799,2792,13878
2030-04-21,5800,2792,13878
2030-04-22,5796,2792,13878
2030-04-23,5799,2792,13878
2030-04-24,5800,2792,13878
2030-04-25,5796,2792,13878
2030-04-26,5799,2792,13878
2030-04-27,5800,2792,13878
2030-04-28,5796,2792,13878
2030-04-29,5799,2792,13878
2030-04-30,5800,2792,13878
2030-05-01,5796,2792,13878
2030-05-02,5799,2792,13878
2030-05-03,5800,2792,13878
2030-05-04,5796,2792,13878
2030-05-05,5799,2792,13878
2030-05-06,5800,2792,13878
2030-05-07,5796,2792,13878
2030-05-08,5799,2792,13878
2030-05-09,5800,2792,13878
2030-05-10,5796,2792,13878
2030-05-11,5799,2792,13878
2030-05-12,5800,2792,13878
2030-05-13,5796,2792,13878
2030-05-14,5799,2792,13878
2030-05-15,5800,2792,13878
2030-05-16,5796,2792,13878
2030-05-17,5799,2792,13878
2030-05-18,5800,2792,13878
2030-05-19,5796,2792,13878
2030-05-20,5799,2792,13878
2030-05-21,5800,2792,13878
2030-05-22,5796,2792,13878
2030-05-23,5799,2792,13878
2030-05-24,5800,2792,13878
2030-05-25,5796,2792,13878
2030-05-26,5799,2792,13878
2030-05-27,5800,2792,13878
2030-05-28,5796,2792,13878
2030-05-29,5799,2792,13878
2030-05-30,5800,2792,13878
2030-05-31,5796,2792,13878
2030-06-01,5799,2792,13878
2030-06-02,5800,2792,13878
2030-06-03,5796,2792,13878
2030-06-04,5799,2792,13878
2030-06-05,5800,2792,13878
2030-06-06,5796,2792,13878
2030-06-07,5799,2792,13878
2030-06-08,5800,2792,13878
2030-06-09,5796,2792,13878
2030-06-10,5799,2792,13878
2030-06-11,5800,2792,13878
2030-06-12,5796,2792,13878
2030-06-13,5799,2792,13878
2030-06-14,5800,2792,13878
2030-06-15,5796,2792,13878
2030-06-16,5799,2792,13878
2030-06-17,5800,2792,13878
2030-06-18,5796,2792,13878
2030-06-19,5799,2792,13878
2030-06-20,5800,2792,13878
2030-06-21,5796,2792,13878
2030-06-22,5799,2792,13878
2030-06-23,5800,2792,13878
2030-06-24,5796,2792,13878
2030-06-25,5799,2792,13878
2030-06-26,5800,2792,13878
2030-06-27,5796,2792,13878
2030-06-28,5799,2792,13878
2030-06-29,5800,2792,13878
2030-06-30,5796,2792,13878
2030-07-01,5799,2792,13878
2030-07-02,5800,2792,13878
2030-07-03,5796,2792,13878
2030-07-04,5799,2792,13878
2030-07-05,5800,2792,13878
2030-07-06,5796,2792,13878
2030-07-07,5799,2792,13878
2030-07-08,5800,2792,13878
2030-07-09,5796,2792,13878
2030-07-10,5799,2792,13878
2030-07-11,5800,2792,13878
2030-07-12,5796,2792,13878
2030-07-13,5799,2792,13878
2030-07-14,5800,2792,13878
2030-07-15,5796,2792,13878
2030-07-16,5799,2792,13878
2030-07-17,5800,2792,13878
2030-07-18,5797,2792,13878
2030-07-19,5799,2792,13878
2030-07-20,5800,2792,13878
2030-07-21,5797,2792,13878
2030-07-22,5799,2792,13878
2030-07-23,5800,2792,13878
2030-07-24,5797,2792,13878
2030-07-25,5799,2792,13878
2030-07-26,5800,2792,13878
2030-07-27,5797,2792,13878
2030-07-28,5799,2792,13878
2030-07-29,5800,2792,13878
2030-07-30,5797,2792,13878
2030-07-31,5799,2792,13878
2030-08-01,5800,2792,13878
2030-08-02,5797,2792,13878
2030-08-03,5799,2792,13878
2030-08-04,5800,2792,13878
2030-08-05,5797,2792,13878
2030-08-06,5799,2792,13878
2030-08-07,5800,2792,13878
2030-08-08,5797,2792,13878
2030-08-09,5799,2792,13878
2030-08-10,5800,2792,13878
2030-08-11,5797,2792,13878
2030-08-12,5799,2792,13878
2030-08-13,5800,2792,13878
2030-08-14,5797,2792,13878
2030-08-15,5799,2792,13878
2030-08-16,5800,2792,13878
2030-08-17,5797,2792,13878
2030-08-18,5799,2792,13878
2030-08-19,5800,2792,13878
2030-08-20,5797,2792,13878
2030-08-21,5799,2792,13878
2030-08-22,5800,2792,13878
2030-08-23,5797,2792,13878
2030-08-24,5799,2792,13878
2030-08-25,5800,2792,13878
2030-08-26,5797,2792,13878
2030-08-27,5799,2792,13878
2030-08-28,5800,2792,13878
2030-08-29,5797,2792,13878
2030-08-30,5799,2792,13878
2030-08-31,5800,2792,13878
2030-09-01,5797,2792,13878
2030-09-02,5799,2792,13878
2030-09-03,5800,2792,13878
2030-09-04,5797,2792,13878
2030-09-05,5799,2792,13878
2030-09-06,5800,2792,13878
2030-09-07,5797,2792,13878
2030-09-08,5799,2792,13878
2030-09-09,5800,2792,13878
2030-09-10,5797,2792,13878
2030-09-11,5799,2792,13878
2030-09-12,5800,2792,13878
2030-09-13,5797,2792,13878
2030-09-14,5799,2792,13878
2030-09-15,5800,2792,13878
2030-09-16,5797,2792,13878
2030-09-17,5799,2792,13878
2030-09-18,5800,2792,13878
2030-09-19,5797,2792,13878
2030-09-20,5799,2792,13878
2030-09-21,5800,2792,13878
2030-09-22,5797,2792,13878
2030-09-23,5799,2792,13878
2030-09-24,5800,2792,13878
2030-09-25,5797,2792,13878
2030-09-26,5799,2792,13878
2030-09-27,5800,2792,13878
2030-09-28,5797,2792,13878
2030-09-29,5799,2792,13878
2030-09-30,5800,2792,13878
2030-10-01,5797,2792,13878
2030-10-02,5799,2792,13878
2030-10-03,5800,2792,13878
2030-10-04,5797,2792,13878
2030-10-05,5799,2792,13878
2030-10-06,5800,2792,13878
2030-10-07,5797,2792,13878
2030-10-08,5799,2792,13878
2030-10-09,5800,2792,13878
2030-10-10,5797,2792,13878
2030-10-11,5799,2792,13878
2030-10-12,5800,2792,13878
2030-10-13,5797,2792,13878
2030-10-14,5799,2792,13878
2030-10-15,5800,2792,13878
2030-10-16,5797,2792,13878
2030-10-17,5799,2792,13878
2030-10-18,5800,2792,13878
2030-10-19,5797,2792,13878
2030-10-20,5799,2792,13878
2030-10-21,5800,2792,13878
2030-10-22,5797,2792,13878
2030-10-23,5799,2792,13878
2030-10-24,5800,2792,13878
2030-10-25,5797,2792,13878
2030-10-26,5799,2792,13878
2030-10-27,5800,2792,13878
2030-10-28,5797,2792,13878
2030-10-29,5799,2792,13878
2030-10-30,5800,2792,13878
2030-10-31,5797,2792,13878
2030-11-01,5799,2792,13878
2030-11-02,5800,2792,13878
2030-11-03,5797,2792,13878
2030-11-04,5799,2792,13878
2030-11-05,5800,2792,13878
2030-11-06,5797,2792,13878
2030-11-07,5799,2792,13878
2030-11-08,5800,2792,13878
2030-11-09,5797,2792,13878
2030-11-10,5799,2792,13878
2030-11-11,5800,2792,13878
2030-11-12,5797,2792,13878
2030-11-13,5799,2792,13878
2030-11-14,5800,2792,13878
2030-11-15,5797,2792,13878
2030-11-16,5799,2792,13878
2030-11-17,5800,2792,13878
2030-11-18,5797,2792,13878
2030-11-19,5799,2792,13878
2030-11-20,5800,2792,13878
2030-11-21,5797,2792,13878
2030-11-22,5799,2792,13878
2030-11-23,5800,2792,13878
2030-11-24,5797,2792,13878
2030-11-25,5799,2792,13878
2030-11-26,5800,2792,13878
2030-11-27,5797,2792,13878
2030-11-28,5799,2792,13878
2030-11-29,5800,2792,13878
2030-11-30,5797,2792,13878
2030-12-01,5799,2792,13878
2030-12-02,5800,2792,13878
2030-12-03,5797,2792,13878
2030-12-04,5799,2792,13878
2030-12-05,5800,2792,13878
2030-12-06,5797,2792,13878
2030-12-07,5799,2792,13878
2030-12-08,5800,2792,13878
2030-12-09,5797,2792,13878
2030-12-10,5799,2792,13878
2030-12-11,5800,2792,13878
2030-12-12,5797,2792,13878
2030-12-13,5799,2792,13878
2030-12-14,5800,2792,13878
2030-12-15,5797,2792,13878
2030-12-16,5799,2792,13878
2030-12-17,5800,2792,13878
2030-12-18,5797,2792,13878
2030-12-19,5799,2792,13878
2030-12-20,5800,2792,13878
2030-12-21,5797,2792,13878
2030-12-22,5799,2792,13878
2030-12-23,5800,2792,13878
2030-12-24,5797,2792,13878
2030-12-25,5799,2792,13878
2030-12-26,5800,2792,13878
2030-12-27,5797,2792,13878
2030-12-28,5799,2792,13878
2030-12-29,5800,2792,13878
2030-12-30,5797,2792,13878
2030-12-31,5799,2792,13878
2031-01-01,5800,2792,13878
2031-01-02,5797,2792,13878
2031-01-03,5799,2792,13878
2031-01-04,5800,2792,13878
2031-01-05,5797,2792,13878
2031-01-06,5799,2792,13878
2031-01-07,5800,2792,13878
2031-01-08,5797,2792,13878
2031-01-09,5799,2792,13878
2031-01-10,5800,2792,13878
2031-01-11,5797,2792,13878
2031-01-12,5799,2792,13878
2031-01-13,5800,2792,13878
2031-01-14,5797,2792,13878
2031-01-15,5799,2792,13878
2031-01-16,5800,2792,13878
2031-01-17,5797,2792,13878
2031-01-18,5799,2792,13878
2031-01-19,5800,2792,13878
2031-01-20,5797,2792,13878
2031-01-21,5799,2792,13878
2031-01-22,5800,2792,13878
2031-01-23,5797,2792,13878
2031-01-24,5799,2792,13878
2031-01-25,5800,2792,13878
2031-01-26,5797,2792,13878
2031-01-27,5799,2792,13878
2031-01-28,5799,2792,13878
2031-01-29,5797,2792,13878
2031-01-30,5799,2792,13878
2031-01-31,5799,2792,13878
2031-02-01,5797,2792,13878
2031-02-02,5799,2792,13878
2031-02-03,5799,2792,13878
2031-02-04,5797,2792,13878
2031-02-05,5799,2792,13878
2031-02-06,5799,2792,13878
2031-02-07,5797,2792,13878
2031-02-08,5799,2792,13878
2031-02-09,5799,2792,13878
2031-02-10,5797,2792,13878
2031-02-11,5799,2792,13878
2031-02-12,5799,2792,13878
2031-02-13,5797,2792,13878
2031-02-14,5799,2792,13878
2031-02-15,5799,2792,13878
2031-02-16,5797,2792,13878
2031-02-17,5799,2792,13878
2031-02-18,5799,2792,13878
2031-02-19,5797,2792,13878
2031-02-20,5799,2792,13878
2031-02-21,5799,2792,13878
2031-02-22,5797,2792,13878
2031-02-23,5799,2792,13878
2031-02-24,5799,2792,13878
2031-02-25,5797,2792,13878
2031-02-26,5798,2792,13878
2031-02-27,5799,2792,13878
2031-02-28,5797,2792,13878
2031-03-01,5798,2792,13878
2031-03-02,5799,2792,13878
2031-03-03,5798,2792,13878
2031-03-04,5798,2792,13878
2031-03-05,5799,2792,13878
2031-03-06,5798,2792,13878
2031-03-07,5798,2792,13878
2031-03-08,5799,2792,13878
2031-03-09,5798,2792,13878
2031-03-10,5798,2792,13878
2031-03-11,5799,2792,13878
2031-03-12,5798,2792,13878
2031-03-13,5798,2792,13878
2031-03-14,5799,2792,13878
2031-03-15,5798,2792,13878
2031-03-16,5798,2792,13878
2031-03-17,5799,2792,13878
2031-03-18,5798,2792,13878
2031-03-19,5798,2792,13878
2031-03-20,5799,2792,13878
2031-03-21,5798,2792,13878
2031-03-22,5798,2792,13878
2031-03-23,5799,2792,13878
2031-03-24,5798,2792,13878
2031-03-25,5798,2792,13878
2031-03-26,5799,2792,13878
2031-03-27,5798,2792,13878
2031-03-28,5798,2792,13878
2031-03-29,5799,2792,13878
2031-03-30,5798,2792,13878
2031-03-31,5798,2792,13878
2031-04-01,5799,2792,13878
2031-04-02,5798,2792,13878
2031-04-03,5798,2792,13878
2031-04-04,5799,2792,13878
2031-04-05,5798,2792,13878
2031-04-06,5798,2792,13878
2031-04-07,5799,2792,13878
2031-04-08,5798,2792,13878
2031-04-09,5798,2792,13878
2031-04-10,5799,2792,13878
2031-04-11,5798,2792,13878
2031-04-12,5798,2792,13878
2031-04-13,5799,2792,13878
2031-04-14,5798,2792,13878
2031-04-15,5798,2792,13878
2031-04-16,5799,2792,13878
2031-04-17,5798,2792,13878
2031-04-18,5798,2792,13878
2031-04-19,5799,2792,13878
2031-04-20,5798,2792,13878
2031-04-21,5798,2792,13878
2031-04-22,5799,2792,13878
2031-04-23,5798,2792,13878
2031-04-24,5798,2792,13878
2031-04-25,5799,2792,13878
2031-04-26,5798,2792,13878
2031-04-27,5798,2792,13878
2031-04-28,5799,2792,13878
2031-04-29,5798,2792,13878
2031-04-30,5798,2792,13878
2031-05-01,5799,2792,13878
2031-05-02,5798,2792,13878
2031-05-03,5798,2792,13878
2031-05-04,5799,2792,13878
2031-05-05,5798,2792,13878
2031-05-06,5798,2792,13878
2031-05-07,5799,2792,13878
2031-05-08,5798,2792,13878
2031-05-09,5798,2792,13878
2031-05-10,5799,2792,13878
2031-05-11,5798,2792,13878
2031-05-12,5798,2792,13878
2031-05-13,5799,2792,13878
2031-05-14,5798,2792,13878
2031-05-15,5798,2792,13878
2031-05-16,5799,2792,13878
2031-05-17,5798,2792,13878
2031-05-18,5798,2792,13878
2031-05-19,5799,2792,13878
2031-05-20,5798,2792,13878
2031-05-21,5798,2792,13878
2031-05-22,5799,2792,13878
2031-05-23,5798,2792,13878
2031-05-24,5798,2792,13878
2031-05-25,5799,2792,13878
2031-05-26,5798,2792,13878
2031-05-27,5798,2792,13878
2031-05-28,5799,2792,13878
2031-05-29,5798,2792,13878
2031-05-30,5798,2792,13878
2031-05-31,5799,2792,13878
2031-06-01,5798,2792,13878
2031-06-02,5798,2792,13878
2031-06-03,5799,2792,13878
2031-06-04,5798,2792,13878
2031-06-05,5798,2792,13878
2031-06-06,5799,2792,13878
2031-06-07,5798,2792,13878
2031-06-08,5798,2792,13878
2031-06-09,5799,2792,13878
2031-06-10,5798,2792,13878
2031-06-11,5798,2792,13878
2031-06-12,5799,2792,13878
2031-06-13,5798,2792,13878
2031-06-14,5798,2792,13878
2031-06-15,5799,2792,13878
2031-06-16,5798,2792,13878
2031-06-17,5798,2792,13878
2031-06-18,5799,2792,13878
2031-06-19,5798,2792,13878
2031-06-20,5798,2792,13878
2031-06-21,5799,2792,13878
2031-06-22,5798,2792,13878
2031-06-23,5798,2792,13878
2031-06-24,5799,2792,13878
2031-06-25,5798,2792,13878
2031-06-26,5798,2792,13878
2031-06-27,5799,2792,13878
2031-06-28,5798,2792,13878
2031-06-29,5798,2792,13878
2031-06-30,5799,2792,13878
2031-07-01,5798,2792,13878
2031-07-02,5798,2792,13878
2031-07-03,5799,2792,13878
2031-07-04,5798,2792,13878
2031-07-05,5798,2792,13878
2031-07-06,5799,2792,13878
2031-07-07,5798,2792,13878
2031-07-08,5798,2792,13878
2031-07-09,5799,2792,13878
2031-07-10,5798,2792,13878
2031-07-11,5798,2792,13878
2031-07-12,5799,2792,13878
2031-07-13,5798,2792,13878
2031-07-14,5798,2792,13878
2031-07-15,5799,2792,13878
2031-07-16,5798,2792,13878
2031-07-17,5798,2792,13878
2031-07-18,5799,2792,13878
2031-07-19,5798,2792,13878
2031-07-20,5798,2792,13878
2031-07-21,5799,2792,13878
2031-07-22,5798,2792,13878
2031-07-23,5798,2792,13878
2031-07-24,5799,2792,13878
2031-07-25,5798,2792,13878
2031-07-26,5798,2792,13878
2031-07-27,5799,2792,13878
2031-07-28,5798,2792,13878
2031-07-29,5798,2792,13878
2031-07-30,5799,2792,13878
2031-07-31,5798,2792,13878
2031-08-01,5798,2792,13878
2031-08-02,5799,2792,13878
2031-08-03,5798,2792,13878
2031-08-04,5798,2792,13878
2031-08-05,5799,2792,13878
2031-08-06,5798,2792,13878
2031-08-07,5798,2792,13878
2031-08-08,5799,2792,13878
2031-08-09,5798,2792,13878
2031-08-10,5798,2792,13878
2031-08-11,5799,2792,13878
2031-08-12,5798,2792,13878
2031-08-13,5798,2792,13878
2031-08-14,5799,2792,13878
2031-08-15,5798,2792,13878
2031-08-16,5798,2792,13878
2031-08-17,5799,2792,13878
2031-08-18,5798,2792,13878
2031-08-19,5798,2792,13878
2031-08-20,5799,2792,13878
2031-08-21,5798,2792,13878
2031-08-22,5798,2792,13878
2031-08-23,5799,2792,13878
2031-08-24,5798,2792,13878
2031-08-25,5798,2792,13878
2031-08-26,5799,2792,13878
2031-08-27,5798,2792,13878
2031-08-28,5798,2792,13878
2031-08-29,5799,2792,13878
2031-08-30,5798,2792,13878
2031-08-31,5798,2792,13878
2031-09-01,5799,2792,13878
2031-09-02,5798,2792,13878
2031-09-03,5798,2792,13878
2031-09-04,5799,2792,13878
2031-09-05,5798,2792,13878
2031-09-06,5798,2792,13878
2031-09-07,5799,2792,13878
2031-09-08,5798,2792,13878
2031-09-09,5798,2792,13878
2031-09-10,5799,2792,13878
2031-09-11,5798,2792,13878
2031-09-12,5798,2792,13878
2031-09-13,5799,2792,13878
2031-09-14,5798,2792,13878
2031-09-15,5798,2792,13878
2031-09-16,5799,2792,13878
2031-09-17,5798,2792,13878
2031-09-18,5798,2792,13878
2031-09-19,5799,2792,13878
2031-09-20,5798,2792,13878
2031-09-21,5798,2792,13878
2031-09-22,5799,2792,13878
2031-09-23,5798,2792,13878
2031-09-24,5798,2792,13878
2031-09-25,5799,2792,13878
2031-09-26,5798,2792,13878
2031-09-27,5798,2792,13878
2031-09-28,5799,2792,13878
2031-09-29,5798,2792,13878
2031-09-30,5798,2792,13878
2031-10-01,5799,2792,13878
2031-10-02,5798,2792,13878
2031-10-03,5798,2792,13878
2031-10-04,5799,2792,13878
2031-10-05,5798,2792,13878
2031-10-06,5798,2792,13878
2031-10-07,5799,2792,13878
2031-10-08,5798,2792,13878
2031-10-09,5798,2792,13878
2031-10-10,5799,2792,13878
2031-10-11,5798,2792,13878
2031-10-12,5798,2792,13878
2031-10-13,5799,2792,13878
2031-10-14,5798,2792,13878
2031-10-15,5798,2792,13878
2031-10-16,5799,2792,13878
2031-10-17,5798,2792,13878
2031-10-18,5798,2792,13878
2031-10-19,5799,2792,13878
2031-10-20,5798,2792,13878
2031-10-21,5798,2792,13878
2031-10-22,5799,2792,13878
2031-10-23,5798,2792,13878
2031-10-24,5798,2792,13878
2031-10-25,5799,2792,13878
2031-10-26,5798,2792,13878
2031-10-27,5798,2792,13878
2031-10-28,5799,2792,13878
2031-10-29,5798,2792,13878
2031-10-30,5798,2792,13878
2031-10-31,5799,2792,13878
2031-11-01,5798,2792,13878
2031-11-02,5798,2792,13878
2031-11-03,5799,2792,13878
2031-11-04,5798,2792,13878
2031-11-05,5798,2792,13878
2031-11-06,5799,2792,13878
2031-11-07,5798,2792,13878
2031-11-08,5798,2792,13878
2031-11-09,5799,2792,13878
2031-11-10,5798,2792,13878
2031-11-11,5798,2792,13878
2031-11-12,5799,2792,13878
2031-11-13,5798,2792,13878
2031-11-14,5798,2792,13878
2031-11-15,5799,2792,13878
2031-11-16,5798,2792,13878
2031-11-17,5798,2792,13878
2031-11-18,5799,2792,13878
2031-11-19,5798,2792,13878
2031-11-20,5798,2792,13878
2031-11-21,5799,2792,13878
2031-11-22,5798,2792,13878
2031-11-23,5798,2792,13878
2031-11-24,5799,2792,13878
2031-11-25,5798,2792,13878
2031-11-26,5798,2792,13878
2031-11-27,5799,2792,13878
2031-11-28,5798,2792,13878
2031-11-29,5798,2792,13878
2031-11-30,5799,2792,13878
2031-12-01,5798,2792,13878
2031-12-02,5798,2792,13878
2031-12-03,5799,2792,13878
2031-12-04,5798,2792,13878
2031-12-05,5798,2792,13878
2031-12-06,5799,2792,13878
2031-12-07,5798,2792,13878
2031-12-08,5798,2792,13878
2031-12-09,5799,2792,13878
2031-12-10,5798,2792,13878
2031-12-11,5798,2792,13878
2031-12-12,5799,2792,13878
2031-12-13,5798,2792,13878
2031-12-14,5798,2792,13878
2031-12-15,5799,2792,13878
2031-12-16,5798,2792,13878
2031-12-17,5798,2792,13878
2031-12-18,5799,2792,13878
2031-12-19,5798,2792,13878
2031-12-20,5798,2792,13878
2031-12-21,5799,2792,13878
2031-12-22,5798,2792,13878
2031-12-23,5798,2792,13878
2031-12-24,5799,2792,13878
2031-12-25,5798,2792,13878
2031-12-26,5798,2792,13878
2031-12-27,5799,2792,13878
2031-12-28,5798,2792,13878
2031-12-29,5798,2792,13878
2031-12-30,5799,2792,13878
2031-12-31,5798,2792,13878
2032-01-01,5798,2792,13878
2032-01-02,5799,2792,13878
2032-01-03,5798,2792,13878
2032-01-04,5798,2792,13878
2032-01-05,5799,2792,13878
2032-01-06,5798,2792,13878
2032-01-07,5798,2792,13878
2032-01-08,5799,2792,13878
2032-01-09,5798,2792,13878
2032-01-10,5798,2792,13878
2032-01-11,5799,2792,13878
2032-01-12,5798,2792,13878
2032-01-13,5798,2792,13878
2032-01-14,5799,2792,13878
2032-01-15,5798,2792,13878
2032-01-16,5798,2792,13878
2032-01-17,5799,2792,13878
2032-01-18,5798,2792,13878
2032-01-19,5798,2792,13878
2032-01-20,5799,2792,13878
2032-01-21,5798,2792,13878
2032-01-22,5798,2792,13878
2032-01-23,5799,2792,13878
2032-01-24,5798,2792,13878
2032-01-25,5798,2792,13878
2032-01-26,5799,2792,13878
2032-01-27,5798,2792,13878
2032-01-28,5798,2792,13878
2032-01-29,5799,2792,13878
2032-01-30,5798,2792,13878
2032-01-31,5798,2792,13878
2032-02-01,5799,2792,13878
2032-02-02,5798,2792,13878
2032-02-03,5798,2792,13878
2032-02-04,5799,2792,13878
2032-02-05,5798,2792,13878
2032-02-06,5798,2792,13878
2032-02-07,5799,2792,13878
2032-02-08,5798,2792,13878
2032-02-09,5798,2792,13878
2032-02-10,5799,2792,13878
2032-02-11,5798,2792,13878
2032-02-12,5798,2792,13878
2032-02-13,5799,2792,13878
2032-02-14,5798,2792,13878
2032-02-15,5798,2792,13878
2032-02-16,5799,2792,13878
2032-02-17,5798,2792,13878
2032-02-18,5798,2792,13878
2032-02-19,5799,2792,13878
2032-02-20,5798,2792,13878
2032-02-21,5798,2792,13878
2032-02-22,5799,2792,13878
2032-02-23,5798,2792,13878
2032-02-24,5798,2792,13878
2032-02-25,5799,2792,13878
2032-02-26,5798,2792,13878
2032-02-27,5798,2792,13878
2032-02-28,5799,2792,13878
2032-02-29,5798,2792,13878
2032-03-01,5798,2792,13878
2032-03-02,5799,2792,13878
2032-03-03,5798,2792,13878
2032-03-04,5798,2792,13878
2032-03-05,5799,2792,13878
2032-03-06,5798,2792,13878
2032-03-07,5798,2792,13878
2032-03-08,5799,2792,13878
2032-03-09,5798,2792,13878
2032-03-10,5798,2792,13878
2032-03-11,5799,2792,13878
2032-03-12,5798,2792,13878
2032-03-13,5798,2792,13878
2032-03-14,5799,2792,13878
2032-03-15,5798,2792,13878
2032-03-16,5798,2792,13878
2032-03-17,5799,2792,13878
2032-03-18,5798,2792,13878
2032-03-19,5798,2792,13878
2032-03-20,5799,2792,13878
2032-03-21,5798,2792,13878
2032-03-22,5798,2792,13878
2032-03-23,5799,2792,13878
2032-03-24,5798,2792,13878
2032-03-25,5798,2792,13878
2032-03-26,5799,2792,13878
2032-03-27,5798,2792,13878
2032-03-28,5798,2792,13878
2032-03-29,5799,2792,13878
2032-03-30,5798,2792,13878
2032-03-31,5798,2792,13878
2032-04-01,5799,2792,13878
2032-04-02,5798,2792,13878
2032-04-03,5798,2792,13878
2032-04-04,5799,2792,13878
2032-04-05,5798,2792,13878
2032-04-06,5798,2792,13878
2032-04-07,5799,2792,13878
2032-04-08,5798,2792,13878
2032-04-09,5798,2792,13878
2032-04-10,5799,2792,13878
2032-04-11,5798,2792,13878
2032-04-12,5798,2792,13878
2032-04-13,5799,2792,13878
2032-04-14,5798,2792,13878
2032-04-15,5798,2792,13878
2032-04-16,5799,2792,13878
2032-04-17,5798,2792,13878
2032-04-18,5798,2792,13878
2032-04-19,5799,2792,13878
2032-04-20,5798,2792,13878
2032-04-21,5798,2792,13878
2032-04-22,5799,2792,13878
2032-04-23,5798,2792,13878
2032-04-24,5798,2792,13878
2032-04-25,5799,2792,13878
2032-04-26,5798,2792,13878
2032-04-27,5798,2792,13878
2032-04-28,5799,2792,13878
2032-04-29,5798,2792,13878
2032-04-30,5798,2792,13878
2032-05-01,5799,2792,13878
2032-05-02,5798,2792,13878
2032-05-03,5798,2792,13878
2032-05-04,5799,2792,13878
2032-05-05,5798,2792,13878
2032-05-06,5798,2792,13878
2032-05-07,5799,2792,13878
2032-05-08,5798,2792,13878
2032-05-09,5798,2792,13878
2032-05-10,5799,2792,13878
2032-05-11,5798,2792,13878
2032-05-12,5798,2792,13878
2032-05-13,5799,2792,13878
2032-05-14,5798,2792,13878
2032-05-15,5798,2792,13878
2032-05-16,5799,2792,13878
2032-05-17,5798,2792,13878
2032-05-18,5798,2792,13878
2032-05-19,5799,2792,13878
2032-05-20,5798,2792,13878
2032-05-21,5798,2792,13878
2032-05-22,5799,2792,13878
2032-05-23,5798,2792,13878
2032-05-24,5798,2792,13878
2032-05-25,5799,2792,13878
2032-05-26,5798,2792,13878
2032-05-27,5798,2792,13878
2032-05-28,5799,2792,13878
2032-05-29,5798,2792,13878
2032-05-30,5798,2792,13878
2032-05-31,5799,2792,13878
2032-06-01,5798,2792,13878
2032-06-02,5798,2792,13878
2032-06-03,5799,2792,13878
2032-06-04,5798,2792,13878
2032-06-05,5798,2792,13878
2032-06-06,5799,2792,13878
2032-06-07,5798,2792,13878
2032-06-08,5798,2792,13878
2032-06-09,5799,2792,13878
2032-06-10,5798,2792,13878
2032-06-11,5798,2792,13878
2032-06-12,5799,2792,13878
2032-06-13,5798,2792,13878
2032-06-14,5798,2792,13878
2032-06-15,5799,2792,13878
2032-06-16,5798,2792,13878
2032-06-17,5798,2792,13878
2032-06-18,5799,2792,13878
2032-06-19,5798,2792,13878
2032-06-20,5798,2792,13878
2032-06-21,5799,2792,13878
2032-06-22,5798,2792,13878
2032-06-23,5798,2792,13878
2032-06-24,5799,2792,13878
2032-06-25,5798,2792,13878
2032-06-26,5798,2792,13878
2032-06-27,5799,2792,13878
2032-06-28,5798,2792,13878
2032-06-29,5798,2792,13878
2032-06-30,5799,2792,13878
2032-07-01,5798,2792,13878
2032-07-02,5798,2792,13878
2032-07-03,5799,2792,13878
2032-07-04,5798,2792,13878
2032-07-05,5798,2792,13878
2032-07-06,5799,2792,13878
2032-07-07,5798,2792,13878
2032-07-08,5798,2792,13878
2032-07-09,5799,2792,13878
2032-07-10,5798,2792,13878
2032-07-11,5798,2792,13878
2032-07-12,5799,2792,13878
2032-07-13,5798,2792,13878
2032-07-14,5798,2792,13878
2032-07-15,5799,2792,13878
2032-07-16,5798,2792,13878
2032-07-17,5798,2792,13878
2032-07-18,5799,2792,13878
2032-07-19,5798,2792,13878
2032-07-20,5798,2792,13878
2032-07-21,5799,2792,13878
2032-07-22,5798,2792,13878
2032-07-23,5798,2792,13878
2032-07-24,5799,2792,13878
2032-07-25,5798,2792,13878
2032-07-26,5798,2792,13878
2032-07-27,5799,2792,13878
2032-07-28,5798,2792,13878
2032-07-29,5798,2792,13878
2032-07-30,5799,2792,13878
2032-07-31,5798,2792,13878
2032-08-01,5798,2792,13878
2032-08-02,5799,2792,13878
2032-08-03,5798,2792,13878
2032-08-04,5798,2792,13878
2032-08-05,5799,2792,13878
2032-08-06,5798,2792,13878
2032-08-07,5798,2792,13878
2032-08-08,5799,2792,13878
2032-08-09,5798,2792,13878
2032-08-10,5798,2792,13878
2032-08-11,5799,2792,13878
2032-08-12,5798,2792,13878
2032-08-13,5798,2792,13878
2032-08-14,5799,2792,13878
2032-08-15,5798,2792,13878
2032-08-16,5798,2792,13878
2032-08-17,5799,2792,13878
2032-08-18,5798,2792,13878
2032-08-19,5798,2792,13878
2032-08-20,5799,2792,13878
2032-08-21,5798,2792,13878
2032-08-22,5798,2792,13878
2032-08-23,5799,2792,13878
2032-08-24,5798,2792,13878
2032-08-25,5798,2792,13878
2032-08-26,5799,2792,13878
2032-08-27,5798,2792,13878
2032-08-28,5798,2792,13878
2032-08-29,5799,2792,13878
2032-08-30,5798,2792,13878
2032-08-31,5798,2792,13878
2032-09-01,5799,2792,13878
2032-09-02,5798,2792,13878
2032-09-03,5798,2792,13878
2032-09-04,5799,2792,13878
2032-09-05,5798,2792,13878
2032-09-06,5798,2792,13878
2032-09-07,5799,2792,13878
2032-09-08,5798,2792,13878
2032-09-09,5798,2792,13878
2032-09-10,5799,2792,13878
2032-09-11,5798,2792,13878
2032-09-12,5798,2792,13878
2032-09-13,5799,2792,13878
2032-09-14,5798,2792,13878
2032-09-15,5798,2792,13878
2032-09-16,5799,2792,13878
2032-09-17,5798,2792,13878
2032-09-18,5798,2792,13878
2032-09-19,5799,2792,13878
2032-09-20,5798,2792,13878
2032-09-21,5798,2792,13878
2032-09-22,5799,2792,13878
2032-09-23,5798,2792,13878
2032-09-24,5798,2792,13878
2032-09-25,5799,2792,13878
2032-09-26,5798,2792,13878
2032-09-27,5798,2792,13878
2032-09-28,5799,2792,13878
2032-09-29,5798,2792,13878
2032-09-30,5798,2792,13878
2032-10-01,5799,2792,13878
2032-10-02,5798,2792,13878
2032-10-03,5798,2792,13878
2032-10-04,5799,2792,13878
2032-10-05,5798,2792,13878
2032-10-06,5798,2792,13878
2032-10-07,5799,2792,13878
2032-10-08,5798,2792,13878
2032-10-09,5798,2792,13878
2032-10-10,5799,2792,13878
2032-10-11,5798,2792,13878
2032-10-12,5798,2792,13878
2032-10-13,5799,2792,13878
2032-10-14,5798,2792,13878
2032-10-15,5798,2792,13878
2032-10-16,5799,2792,13878
2032-10-17,5798,2792,13878
2032-10-18,5798,2792,13878
2032-10-19,5799,2792,13878
2032-10-20,5798,2792,13878
2032-10-21,5798,2792,13878
2032-10-22,5799,2792,13878
2032-10-23,5798,2792,13878
2032-10-24,5798,2792,13878
2032-10-25,5799,2792,13878
2032-10-26,5798,2792,13878
2032-10-27,5798,2792,13878
2032-10-28,5799,2792,13878
2032-10-29,5798,2792,13878
2032-10-30,5798,2792,13878
2032-10-31,5799,2792,13878
2032-11-01,5798,2792,13878
2032-11-02,5798,2792,13878
2032-11-03,5799,2792,13878
2032-11-04,5798,2792,13878
2032-11-05,5798,2792,13878
2032-11-06,5799,2792,13878
2032-11-07,5798,2792,13878
2032-11-08,5798,2792,13878
2032-11-09,5799,2792,13878
2032-11-10,5798,2792,13878
2032-11-11,5798,2792,13878
2032-11-12,5799,2792,13878
2032-11-13,5798,2792,13878
2032-11-14,5798,2792,13878
2032-11-15,5799,2792,13878
2032-11-16,5798,2792,13878
2032-11-17,5798,2792,13878
2032-11-18,5799,2792,13878
2032-11-19,5798,2792,13878
2032-11-20,5798,2792,13878
2032-11-21,5799,2792,13878
2032-11-22,5798,2792,13878
2032-11-23,5798,2792,13878
2032-11-24,5799,2792,13878
2032-11-25,5798,2792,13878
2032-11-26,5798,2792,13878
2032-11-27,5799,2792,13878
2032-11-28,5798,2792,13878
2032-11-29,5798,2792,13878
2032-11-30,5799,2792,13878
2032-12-01,5798,2792,13878
2032-12-02,5798,2792,13878
2032-12-03,5799,2792,13878
2032-12-04,5798,2792,13878
2032-12-05,5798,2792,13878
2032-12-06,5799,2792,13878
2032-12-07,5798,2792,13878
2032-12-08,5798,2792,13878
2032-12-09,5799,2792,13878
2032-12-10,5798,2792,13878
2032-12-11,5798,2792,13878
2032-12-12,5799,2792,13878
2032-12-13,5798,2792,13878
2032-12-14,5798,2792,13878
2032-12-15,5799,2792,13878
2032-12-16,5798,2792,13878
2032-12-17,5798,2792,13878
2032-12-18,5799,2792,13878
2032-12-19,5798,2792,13878
2032-12-20,5798,2792,13878
2032-12-21,5799,2792,13878
2032-12-22,5798,2792,13878
2032-12-23,5798,2792,13878
2032-12-24,5799,2792,13878
2032-12-25,5798,2792,13878
2032-12-26,5798,2792,13878
2032-12-27,5799,2792,13878
2032-12-28,5798,2792,13878
